,Unnamed: 0,urlDrugName,effectiveness,sideEffects,condition,benefitsReview,sideEffectsReview,commentsReview,rating_binary
0,2202,0,0,1,0,0,0,0,0
1,3117,0,0,1,0,0,0,0,0
2,1146,0,0,1,0,0,0,1,1
3,3947,0,0,1,1,0,0,0,0
4,1951,0,0,1,0,0,0,0,0
5,2372,0,0,1,0,0,0,0,0
6,1043,0,0,1,0,0,0,1,1
7,2715,0,1,1,0,0,0,1,1
8,1591,0,0,1,0,0,0,0,1
9,1686,0,0,1,0,0,0,0,0
10,458,0,1,1,0,0,0,0,0
11,3479,0,0,1,0,0,0,0,1
12,959,0,1,1,0,0,0,0,1
13,928,0,1,1,0,0,0,0,1
14,2643,0,1,1,0,0,0,0,0
15,3692,0,0,1,0,0,0,0,1
16,338,0,0,1,0,0,0,0,0
17,3201,0,0,1,0,0,0,0,0
18,2566,0,1,1,0,0,0,0,1
19,723,0,0,1,0,0,1,0,0
20,305,0,0,1,0,0,0,0,1
21,1084,0,1,1,0,0,0,0,1
22,1246,0,0,1,0,0,0,0,1
23,1714,0,0,1,0,0,0,0,1
24,376,0,1,1,0,0,0,0,1
25,1571,0,1,1,0,0,0,0,0
26,2436,0,0,1,0,0,0,0,1
27,3716,0,1,1,0,0,0,0,1
28,1959,0,0,1,0,0,0,0,0
29,1872,0,1,1,0,0,0,0,1
30,1038,0,1,1,0,0,0,0,1
31,2745,0,0,1,0,0,0,0,0
32,1268,0,0,1,0,0,0,1,0
33,797,0,1,1,0,0,0,0,1
34,2801,0,0,1,0,0,0,0,1
35,2360,0,0,1,0,0,1,0,1
36,630,0,0,1,0,0,0,0,0
37,422,0,0,1,0,0,0,0,1
38,330,0,1,1,0,0,0,0,1
39,1899,0,0,1,0,0,0,0,1
40,1210,0,1,1,0,0,0,0,0
41,1762,0,0,1,0,0,1,0,0
42,1534,0,0,1,0,0,0,0,1
43,3060,0,1,1,0,0,0,0,0
44,3728,0,0,1,0,0,0,0,1
45,1804,0,1,1,0,1,0,0,0
46,1989,0,1,1,0,0,0,0,1
47,714,1,0,1,0,0,0,1,1
48,1290,0,0,1,0,0,0,0,1
49,2646,0,1,1,0,0,0,1,1
50,3100,0,0,1,0,0,0,0,1
51,3082,0,0,1,0,0,0,0,0
52,1018,0,0,1,0,0,1,0,1
53,494,0,0,1,0,0,0,0,1
54,1239,0,0,1,0,0,1,0,1
55,1325,0,0,1,0,0,1,0,1
56,2542,0,1,1,0,0,0,0,1
57,2118,0,0,1,0,0,0,0,0
58,175,0,0,1,0,0,0,0,0
59,985,0,0,1,0,0,0,0,1
60,2120,0,0,1,0,0,0,1,1
61,830,0,0,1,1,0,0,0,0
62,3938,0,0,1,0,0,0,0,1
63,1351,0,0,1,0,0,0,0,1
64,2075,0,0,1,0,0,0,1,1
65,4016,0,1,1,0,1,0,0,0
66,2285,0,0,1,0,0,0,0,0
67,768,0,0,1,0,0,0,0,0
68,3856,0,1,1,0,0,0,0,1
69,2412,0,0,1,0,1,0,0,1
70,3756,0,1,1,0,0,0,0,0
71,3077,0,0,1,0,0,0,0,1
72,1053,0,1,1,0,0,0,1,0
73,868,0,1,1,0,0,1,0,1
74,678,0,0,1,0,0,0,0,1
75,3995,0,1,1,0,0,0,0,1
76,1318,0,0,1,0,0,0,0,1
77,1441,0,0,1,0,0,0,0,0
78,1483,0,1,1,0,0,0,0,0
79,3471,0,1,1,0,0,0,0,1
80,2461,0,1,1,0,0,0,0,0
81,427,0,0,1,0,1,0,0,1
82,2059,0,0,1,0,0,0,0,1
83,2319,0,0,1,0,0,1,0,0
84,927,0,1,1,0,0,1,1,1
85,240,0,1,1,0,0,0,0,1
86,1377,0,1,1,0,0,0,0,1
87,674,0,0,1,1,0,0,1,1
88,3763,0,0,1,0,0,0,0,0
89,3350,0,0,1,0,0,0,0,0
90,3193,0,0,1,0,0,0,0,0
91,3435,0,0,1,0,0,0,0,0
92,2211,0,0,1,0,0,0,0,1
93,1029,0,0,1,0,0,0,0,0
94,732,0,1,1,0,0,0,0,1
95,133,0,1,1,0,0,0,0,1
96,1050,0,0,1,0,0,0,0,1
97,366,0,0,1,0,1,0,0,0
98,2859,0,0,1,0,0,0,0,0
99,3382,0,0,1,0,0,0,1,0
100,3144,0,0,1,0,0,0,0,0
101,259,0,0,1,0,0,1,0,0
102,4126,0,1,1,0,0,0,0,0
103,2555,0,1,1,0,0,0,0,1
104,3541,0,1,1,0,0,0,0,0
105,3702,0,1,1,0,0,0,1,0
106,1938,0,0,1,0,1,0,0,0
107,1514,0,1,1,0,0,1,0,0
108,1987,0,0,1,0,0,0,0,0
109,385,0,0,1,0,0,1,0,1
110,2447,0,0,1,0,0,0,0,0
111,3364,0,0,1,0,0,0,1,0
112,2236,0,1,1,0,0,0,0,1
113,3469,0,0,1,0,0,0,0,0
114,705,1,0,1,0,0,1,0,1
115,2,0,0,1,0,1,0,0,1
116,272,0,0,1,0,0,0,0,1
117,2839,0,0,1,0,0,0,0,0
118,277,0,0,1,0,0,0,0,1
119,1278,0,0,1,0,0,0,0,0
120,1588,0,0,1,0,0,0,0,1
121,2321,0,0,1,0,0,0,0,1
122,2006,0,1,1,0,1,0,0,0
123,3270,0,0,1,0,0,0,1,0
124,3582,0,0,1,0,0,0,0,1
125,2957,0,0,1,0,1,1,0,1
126,2088,0,0,1,0,0,0,0,0
127,3226,0,0,1,0,0,0,0,1
128,2518,0,1,1,0,0,0,0,1
129,1100,0,1,1,0,0,0,0,1
130,3493,0,0,1,0,0,0,0,1
131,2503,0,1,1,0,0,0,0,1
132,1255,0,1,1,0,0,0,0,1
133,4145,0,1,1,0,1,0,0,0
134,2332,0,0,1,0,0,0,0,1
135,2031,0,0,1,1,1,0,0,1
136,2944,0,0,1,0,0,0,0,1
137,179,0,0,1,0,0,0,0,0
138,2097,0,0,1,0,0,0,0,0
139,2637,0,0,1,0,0,0,0,0
140,2145,0,1,1,0,0,0,0,0
141,3486,0,0,1,0,0,0,0,1
142,109,0,1,1,0,1,0,0,1
143,691,1,0,1,0,0,0,0,1
144,3271,0,0,1,0,0,0,0,1
145,1321,0,1,1,1,0,0,0,0
146,1004,0,0,1,0,1,0,0,0
147,1906,0,0,1,0,0,0,0,0
148,489,0,0,1,0,0,0,0,1
149,4075,0,0,1,0,0,0,1,0
150,1261,0,0,1,0,1,0,0,1
151,3121,0,0,1,0,0,0,0,1
152,1340,0,0,1,0,0,0,0,0
153,591,0,0,1,0,0,0,0,1
154,3137,0,0,1,0,0,0,0,1
155,2395,0,0,1,0,0,0,0,1
156,1164,0,0,1,0,0,0,1,1
157,2735,0,0,1,0,0,0,0,1
158,3439,0,0,1,0,0,0,0,1
159,1757,0,0,1,0,0,0,0,1
160,3535,0,0,1,0,0,0,0,0
161,1058,0,1,1,0,0,0,0,0
162,3394,0,0,1,0,0,0,1,1
163,1181,0,0,1,0,1,0,0,0
164,2473,0,0,1,0,1,0,0,1
165,1232,0,0,1,0,0,0,0,0
166,2585,0,1,1,0,0,0,0,0
167,2224,0,0,1,0,0,0,0,1
168,3649,0,1,1,0,0,0,0,0
169,2598,0,0,1,0,0,0,0,1
170,2201,0,0,1,0,0,0,0,0
171,3718,0,0,1,0,0,0,0,1
172,1524,0,0,1,0,0,0,0,0
173,1128,0,1,1,0,0,0,0,1
174,884,0,1,1,0,0,0,0,0
175,2544,0,0,1,0,0,0,0,1
176,1691,0,1,1,0,0,0,0,1
177,3538,0,0,1,0,0,0,0,1
178,3867,0,0,1,0,0,0,0,1
179,2108,0,0,1,0,0,0,0,1
180,76,0,0,1,0,0,0,0,0
181,1470,0,1,1,0,0,0,0,1
182,2226,0,1,1,0,0,0,0,0
183,3665,0,0,1,0,1,0,0,0
184,2956,0,0,1,0,0,0,0,0
185,1338,0,1,1,0,0,0,1,1
186,1743,0,1,1,0,1,0,0,0
187,3434,0,0,1,0,0,1,0,1
188,1368,0,0,1,0,0,0,0,1
189,3883,0,1,1,0,0,1,0,0
190,9,0,1,1,0,0,0,0,1
191,1861,0,0,1,0,0,0,0,0
192,1360,0,0,1,0,0,1,0,0
193,620,0,1,1,0,0,1,0,1
194,3723,0,0,1,0,0,0,0,1
195,1880,0,0,1,0,0,0,0,1
196,69,0,1,1,0,0,0,0,1
197,29,0,0,1,0,1,0,0,1
198,2262,0,0,1,0,0,0,1,0
199,4013,0,1,1,0,0,0,1,0
200,850,0,1,1,0,1,0,0,1
201,2191,0,1,1,0,0,0,0,1
202,2345,0,1,1,0,0,0,0,1
203,300,0,0,1,0,0,0,1,0
204,3303,0,1,1,0,1,0,0,1
205,2268,0,1,1,0,0,0,0,0
206,3616,0,1,1,0,0,0,0,1
207,2320,0,0,1,0,0,0,0,0
208,3789,0,1,1,0,0,0,0,0
209,1371,0,0,1,0,0,0,0,1
210,3940,0,0,1,0,0,0,0,0
211,158,0,0,1,0,0,0,0,1
212,878,0,0,1,0,0,0,0,0
213,1541,0,1,1,0,0,0,0,1
214,1770,0,0,1,0,0,0,0,1
215,1386,0,0,1,0,0,0,0,1
216,3118,0,1,1,0,0,0,0,0
217,3864,0,1,1,0,0,0,0,1
218,1789,0,0,1,0,1,0,0,1
219,2112,0,0,1,0,0,0,0,0
220,3941,0,0,1,0,0,0,0,0
221,1536,0,0,1,0,0,0,1,1
222,349,0,0,1,0,0,0,1,0
223,1956,0,0,1,0,0,0,0,0
224,2724,0,0,1,0,0,0,0,1
225,549,0,0,1,0,1,0,0,1
226,1791,0,0,1,0,0,1,0,0
227,1498,0,0,1,0,0,0,0,0
228,228,0,0,1,0,1,0,0,0
229,37,0,1,1,0,0,0,0,0
230,1558,0,1,1,0,0,0,0,0
231,4125,0,0,1,0,0,0,1,1
232,2061,0,0,1,0,0,0,0,1
233,1284,0,0,1,0,0,0,0,0
234,235,0,1,1,0,0,0,1,1
235,4065,0,0,1,0,0,0,0,0
236,2531,0,0,1,0,0,0,0,1
237,3885,0,1,1,0,0,0,0,0
238,1230,0,1,1,0,0,0,0,0
239,137,0,0,1,0,0,0,1,0
240,2445,0,0,1,0,1,0,0,1
241,3606,0,0,1,0,0,0,0,0
242,353,0,0,1,0,0,0,0,0
243,446,0,0,1,0,0,0,0,1
244,3542,0,0,1,0,0,0,0,1
245,2297,0,0,1,0,1,0,1,0
246,2823,0,1,1,0,0,0,1,1
247,836,0,0,1,0,0,0,0,0
248,860,0,1,1,0,0,0,0,0
249,1843,0,0,1,0,0,0,0,1
250,2572,0,0,1,0,0,0,1,0
251,4037,0,0,1,0,0,1,0,0
252,1276,0,1,1,0,1,0,1,0
253,2945,0,0,1,0,0,0,0,1
254,1019,0,0,1,0,0,0,0,1
255,3446,0,1,1,0,0,0,0,1
256,1409,0,1,1,0,0,1,0,1
257,1273,0,0,1,0,0,0,0,0
258,3312,0,1,1,0,0,0,0,1
259,3052,0,1,1,0,0,0,0,1
260,2644,0,0,1,0,0,0,0,0
261,2751,0,0,1,0,0,0,0,0
262,3386,0,1,1,0,0,0,1,1
263,3755,0,0,1,0,0,0,0,0
264,2810,0,0,1,0,0,0,0,0
265,1358,0,1,1,0,0,1,0,0
266,1564,0,1,1,0,0,0,0,1
267,4115,0,0,1,0,0,0,0,1
268,2626,0,0,1,0,0,1,1,0
269,53,0,1,1,0,1,0,0,0
270,4101,0,1,1,0,0,1,1,0
271,3779,0,0,1,0,0,0,0,1
272,3899,0,1,1,0,0,0,1,0
273,795,0,0,1,0,1,0,0,0
274,3268,0,0,1,0,0,0,0,0
275,2635,0,0,1,0,0,0,0,1
276,1883,0,0,1,0,0,1,1,0
277,3814,0,0,1,0,0,0,0,0
278,661,0,0,1,0,0,0,0,1
279,3696,0,0,1,0,0,0,1,0
280,149,0,0,1,0,0,0,0,1
281,2099,0,0,1,0,0,0,0,1
282,2077,0,1,1,0,0,0,0,1
283,2667,0,0,1,0,0,0,0,0
284,332,0,0,1,0,0,0,0,0
285,856,0,1,1,0,1,0,0,1
286,1042,0,0,1,0,0,1,0,0
287,505,0,0,1,0,0,1,1,1
288,320,0,0,1,0,0,0,0,0
289,3697,0,1,1,0,1,0,0,1
290,2051,0,1,1,0,0,0,0,1
291,1008,0,1,1,0,0,0,0,1
292,3708,0,0,1,0,0,0,0,0
293,1319,0,1,1,0,0,0,0,1
294,4047,0,0,1,0,0,0,0,1
295,1157,0,1,1,0,0,0,0,1
296,3456,0,0,1,0,1,0,0,1
297,603,0,0,1,0,0,0,0,0
298,3071,0,0,1,0,0,1,0,0
299,98,0,0,1,0,0,0,0,1
300,1969,0,0,1,0,0,0,0,1
301,3053,0,1,1,0,0,0,0,1
302,40,0,0,1,0,0,0,0,0
303,1841,0,0,1,0,0,0,0,0
304,2301,0,1,1,0,0,0,0,1
305,113,0,1,1,0,0,0,0,0
306,938,0,0,1,0,0,0,0,0
307,454,0,0,1,0,0,0,0,0
308,3252,0,1,1,0,0,0,0,1
309,726,0,1,1,0,0,0,0,1
310,1114,0,0,1,0,0,0,0,0
311,1973,0,1,1,0,0,0,0,1
312,1468,0,0,1,0,0,0,0,1
313,411,0,0,1,0,0,0,0,1
314,3847,0,0,1,0,0,0,0,1
315,3329,0,0,1,0,0,0,0,1
316,122,0,0,1,0,0,0,0,1
317,2243,0,1,1,0,0,0,0,1
318,3007,0,0,1,0,0,0,0,1
319,2028,0,0,1,1,0,0,1,1
320,3609,0,1,1,0,1,0,0,1
321,396,0,0,1,0,0,0,0,1
322,3815,0,0,1,0,0,0,0,1
323,1106,0,1,1,0,0,1,0,0
324,1570,0,0,1,0,0,0,0,1
325,1665,0,0,1,0,0,1,1,1
326,518,0,0,1,0,0,0,1,1
327,706,1,1,1,0,0,0,1,0
328,4146,0,0,1,0,0,0,0,0
329,4007,0,0,1,0,0,0,0,1
330,406,0,0,1,0,0,0,0,1
331,3866,0,0,1,0,0,0,0,1
332,656,0,0,1,0,0,1,0,0
333,3064,0,1,1,0,0,0,0,0
334,2494,0,0,1,0,0,0,1,0
335,3586,0,1,1,0,0,0,0,1
336,1116,0,0,1,0,0,1,0,0
337,980,0,1,1,0,0,0,0,0
338,2618,0,0,1,0,0,0,0,1
339,1983,0,0,1,0,0,0,0,0
340,1905,0,0,1,0,0,0,0,0
341,2350,0,1,1,0,0,0,0,1
342,531,0,1,1,0,0,0,0,1
343,161,0,0,1,0,0,1,0,1
344,1663,0,0,1,0,0,0,0,0
345,3114,0,0,1,0,0,1,0,1
346,2422,0,0,1,0,0,0,0,1
347,2733,0,1,1,0,0,0,0,0
348,1604,0,1,1,0,0,0,0,1
349,2522,0,1,1,0,0,1,1,0
350,1786,0,0,1,0,0,0,0,0
351,1191,0,1,1,0,0,0,0,0
352,2124,0,0,1,0,0,0,0,0
353,2256,0,1,1,0,0,0,1,1
354,1382,0,0,1,0,0,0,0,1
355,3128,0,0,1,0,0,0,0,1
356,715,1,0,1,0,0,0,0,1
357,4147,0,1,1,0,0,0,0,0
358,2588,0,0,1,0,1,0,0,1
359,2687,0,0,1,0,0,0,1,0
360,566,0,0,1,0,0,1,0,1
361,1636,0,0,1,0,0,0,0,1
362,44,0,0,1,0,0,0,0,0
363,1460,0,1,1,0,0,0,0,0
364,2025,0,1,1,0,0,0,0,0
365,1532,0,1,1,0,0,0,0,0
366,3683,0,0,1,0,0,0,0,1
367,3838,0,1,1,0,0,1,0,1
368,810,0,0,1,0,0,0,0,0
369,2232,0,1,1,0,0,0,0,1
370,3597,0,1,1,0,0,0,1,1
371,2084,0,0,1,0,0,0,0,1
372,1927,0,0,1,0,0,0,1,1
373,1143,0,0,1,0,0,0,0,1
374,3832,0,0,1,0,0,0,1,1
375,425,0,0,1,0,0,0,1,1
376,2001,0,1,1,0,0,0,0,0
377,3407,0,0,1,0,0,0,0,0
378,4030,0,1,1,0,0,0,0,1
379,3098,0,0,1,0,0,0,0,1
380,3006,0,0,1,0,0,0,0,0
381,4004,0,1,1,0,0,0,0,1
382,602,0,0,1,0,0,0,0,0
383,2194,0,1,1,0,0,0,0,1
384,3289,0,1,1,0,0,0,0,0
385,2520,0,1,1,0,0,0,1,1
386,1044,0,1,1,0,0,0,0,0
387,787,0,0,1,0,0,0,0,1
388,1275,0,0,1,0,0,0,0,1
389,3843,0,0,1,0,0,0,0,1
390,2677,0,0,1,0,0,0,0,1
391,1504,0,0,1,0,0,0,0,0
392,3502,0,0,1,0,1,0,1,1
393,782,0,0,1,0,0,0,0,1
394,988,0,0,1,0,0,0,1,1
395,3146,0,0,1,0,0,0,0,1
396,1582,0,0,1,0,0,0,1,1
397,3813,0,0,1,0,0,0,0,0
398,749,0,1,1,0,0,0,0,1
399,2790,0,1,1,0,0,0,0,0
400,1947,0,0,1,0,0,0,0,1
401,1923,0,0,1,0,0,0,0,1
402,2342,0,1,1,0,0,0,0,1
403,1178,0,1,1,0,0,0,0,1
404,2239,0,1,1,0,0,0,0,1
405,1307,0,0,1,0,0,0,0,0
406,3529,0,0,1,0,0,0,0,1
407,851,0,1,1,0,1,0,0,1
408,3840,0,0,1,0,0,0,0,1
409,1654,0,1,1,0,0,0,0,0
410,3375,0,0,1,0,0,0,0,1
411,3162,0,1,1,0,0,0,0,0
412,82,0,0,1,0,0,0,1,0
413,1379,0,1,1,0,0,0,0,0
414,750,0,0,1,0,0,0,1,0
415,809,0,0,1,0,0,0,0,0
416,2356,0,1,1,0,0,0,0,1
417,1000,0,0,1,0,0,0,0,1
418,2498,0,0,1,0,0,0,0,0
419,141,0,0,1,0,0,0,0,1
420,866,0,0,1,0,0,0,0,1
421,1485,0,0,1,0,0,0,0,0
422,1326,0,1,1,1,0,0,0,1
423,1643,0,0,1,0,0,0,0,1
424,4148,0,0,1,0,1,0,0,0
425,509,0,1,1,0,0,1,1,0
426,3129,0,0,1,0,0,0,0,1
427,3020,0,1,1,0,0,1,1,0
428,3338,0,0,1,0,0,0,0,0
429,1774,0,0,1,0,0,0,0,1
430,1203,0,1,1,0,0,0,0,0
431,1206,0,0,1,0,0,0,0,0
432,121,0,0,1,0,0,0,0,0
433,2580,0,1,1,0,1,0,0,0
434,1772,0,1,1,0,0,0,0,0
435,3304,0,0,1,0,0,0,1,1
436,4121,0,0,1,0,0,0,1,1
437,2173,0,0,1,0,0,0,0,1
438,206,0,0,1,0,0,0,0,0
439,1660,0,0,1,0,0,0,0,1
440,1954,0,0,1,0,0,0,0,1
441,3046,0,0,1,0,0,0,0,1
442,1332,0,0,1,1,0,0,0,1
443,3401,0,0,1,0,0,0,0,1
444,3051,0,0,1,0,0,0,0,1
445,3322,0,0,1,0,0,1,0,0
446,4023,0,0,1,0,0,0,0,1
447,269,0,0,1,0,0,0,0,1
448,4090,0,0,1,0,0,0,0,0
449,2923,0,1,1,0,0,0,0,1
450,1364,0,0,1,0,0,0,0,0
451,854,0,1,1,0,0,0,0,1
452,1472,0,1,1,0,0,0,0,1
453,135,0,1,1,0,0,0,0,1
454,2425,0,0,1,0,0,0,0,0
455,1434,0,0,1,0,0,0,0,0
456,853,0,1,1,0,0,0,0,1
457,3158,0,0,1,0,0,0,0,1
458,824,0,0,1,0,0,0,0,0
459,890,0,0,1,0,0,0,0,1
460,3809,0,0,1,0,0,1,0,0
461,414,0,0,1,0,0,0,0,0
462,1592,0,1,1,0,0,0,0,1
463,2237,0,0,1,0,0,0,0,0
464,2442,0,1,1,0,0,0,0,1
465,747,0,0,1,0,0,0,1,1
466,476,0,0,1,0,0,0,0,1
467,1960,0,0,1,0,0,0,0,0
468,456,0,0,1,0,0,0,0,1
469,1709,0,1,1,0,0,0,1,1
470,766,0,0,1,0,0,0,0,1
471,993,0,0,1,0,0,0,0,1
472,3179,0,1,1,0,1,0,0,1
473,793,0,0,1,0,0,0,0,1
474,2969,0,0,1,0,0,0,0,1
475,271,0,0,1,0,0,0,0,0
476,11,0,1,1,0,0,0,1,0
477,1402,0,0,1,0,0,0,0,0
478,1950,0,0,1,0,0,0,0,0
479,3276,0,0,1,0,0,1,0,0
480,2337,0,1,1,0,0,0,1,1
481,3854,0,0,1,0,1,0,0,0
482,2090,0,0,1,0,0,0,0,1
483,676,0,0,1,0,0,0,0,0
484,1698,0,1,1,0,0,0,0,1
485,659,0,1,1,0,0,1,0,0
486,3970,0,1,1,0,0,0,0,1
487,2822,0,0,1,0,0,0,0,1
488,2812,0,0,1,0,0,0,0,1
489,2497,0,0,1,0,0,0,1,1
490,2877,0,1,1,0,0,0,0,1
491,704,1,0,1,0,0,0,0,0
492,3342,0,0,1,0,0,0,0,1
493,3571,0,0,1,0,0,0,0,1
494,592,0,0,1,0,0,1,0,0
495,3254,0,0,1,0,0,0,0,0
496,2483,0,0,1,0,0,0,0,1
497,1966,0,1,1,0,0,0,0,0
498,314,0,0,1,0,0,0,0,1
499,119,0,0,1,0,0,0,0,0
500,200,0,0,1,0,1,0,1,1
501,3416,0,0,1,0,0,0,0,0
502,3559,0,0,1,0,0,0,0,0
503,2106,0,0,1,0,0,0,0,0
504,1406,0,0,1,0,1,0,0,1
505,3632,0,0,1,0,0,1,0,0
506,2828,0,1,1,0,0,0,0,1
507,2294,0,1,1,0,0,0,0,1
508,1204,0,0,1,0,0,0,0,0
509,2486,0,0,1,0,0,0,1,0
510,946,0,0,1,0,0,0,1,0
511,3806,0,0,1,0,0,0,0,0
512,3010,0,0,1,0,0,0,0,0
513,1189,0,1,1,0,0,0,0,1
514,835,0,0,1,0,0,1,0,1
515,215,0,0,1,0,0,0,0,1
516,1846,0,1,1,0,0,0,0,1
517,392,0,1,1,0,0,0,0,1
518,27,0,1,1,0,0,0,0,1
519,3612,0,1,1,0,0,0,0,1
520,756,0,1,1,0,0,0,0,1
521,2263,0,0,1,0,0,0,0,0
522,478,0,1,1,0,0,0,0,0
523,2060,0,0,1,0,0,0,0,1
524,1458,0,1,1,0,0,1,1,0
525,1898,0,0,1,0,0,0,0,0
526,1911,0,0,1,0,0,0,0,0
527,913,0,0,1,0,0,0,0,0
528,2138,0,1,1,0,0,0,0,1
529,2370,0,0,1,0,0,0,0,0
530,3284,0,0,1,0,1,0,0,1
531,4060,0,0,1,0,0,0,0,0
532,621,0,0,1,0,0,0,0,0
533,1396,0,0,1,0,0,0,0,0
534,2820,0,0,1,0,0,1,1,0
535,2752,0,1,1,0,0,0,0,0
536,2832,0,1,1,0,0,1,0,0
537,2565,0,0,1,0,0,0,0,1
538,1391,0,0,1,0,0,0,0,0
539,132,0,1,1,0,0,0,1,1
540,283,0,0,1,0,0,0,1,1
541,2385,0,0,1,0,0,0,0,0
542,565,0,0,1,0,0,0,0,0
543,1677,0,0,1,0,0,0,0,1
544,925,0,1,1,0,0,0,0,1
545,3305,0,1,1,0,0,0,0,0
546,973,0,0,1,0,0,0,0,1
547,1219,0,0,1,0,0,0,0,1
548,394,0,0,1,0,0,0,0,1
549,917,0,1,1,0,0,1,0,1
550,2882,0,0,1,0,0,0,0,1
551,3063,0,0,1,0,0,0,0,0
552,2136,0,0,1,0,0,0,0,0
553,3111,0,0,1,0,0,0,0,0
554,4161,0,0,1,0,0,1,1,1
555,727,0,1,1,0,0,0,0,1
556,2917,0,0,1,0,1,0,0,1
557,413,0,0,1,0,0,0,0,1
558,2491,0,0,1,0,0,0,1,1
559,2980,0,1,1,0,0,0,0,1
560,1033,0,0,1,0,0,0,0,1
561,599,0,1,1,0,0,0,0,1
562,1346,0,0,1,0,0,0,0,1
563,3343,0,0,1,0,0,0,0,1
564,1067,0,0,1,0,0,0,1,0
565,1459,0,0,1,0,0,0,0,1
566,3022,0,0,1,0,0,0,0,0
567,1002,0,1,1,0,0,0,0,1
568,2313,0,0,1,0,0,1,0,0
569,3324,0,0,1,0,0,0,0,0
570,2852,0,0,1,0,0,0,0,1
571,3805,0,0,1,0,1,0,1,1
572,2840,0,0,1,0,0,0,0,1
573,657,0,0,1,0,0,0,0,0
574,2437,0,0,1,0,0,0,0,1
575,1477,0,1,1,0,0,0,0,1
576,2276,0,0,1,0,0,0,1,1
577,3326,0,0,1,0,0,0,0,0
578,1723,0,0,1,0,0,0,0,1
579,2785,0,0,1,0,0,0,0,0
580,3277,0,0,1,0,0,0,1,0
581,2985,0,1,1,0,0,0,0,1
582,2547,0,0,1,0,0,0,0,1
583,671,0,0,1,0,0,0,0,1
584,3981,0,1,1,0,0,0,0,1
585,882,0,1,1,0,0,0,0,0
586,241,0,0,1,0,0,0,0,0
587,2375,0,0,1,0,0,0,1,1
588,1262,0,0,1,0,0,0,0,1
589,340,0,0,1,0,0,0,0,1
590,4152,0,1,1,0,0,0,0,1
591,2690,0,0,1,0,0,0,0,1
592,1713,0,0,1,0,0,0,0,0
593,1985,0,0,1,0,0,0,0,1
594,3782,0,0,1,0,0,0,0,0
595,3084,0,0,1,0,0,0,0,0
596,3404,0,0,1,0,0,0,0,1
597,2567,0,1,1,0,1,0,0,0
598,3285,0,1,1,0,1,0,0,0
599,1719,0,1,1,0,0,0,0,1
600,520,0,0,1,0,0,0,0,1
601,2788,0,1,1,0,0,0,0,1
602,2514,0,0,1,0,0,0,0,1
603,2086,0,1,1,0,0,0,0,1
604,770,0,0,1,0,0,1,0,1
605,2371,0,0,1,0,0,0,0,1
606,1175,0,0,1,0,0,0,0,1
607,474,0,1,1,0,0,0,1,1
608,3770,0,1,1,0,0,0,0,0
609,910,0,0,1,0,1,1,0,0
610,2548,0,0,1,0,0,0,0,0
611,3143,0,0,1,0,0,0,0,1
612,3056,0,0,1,0,0,0,1,1
613,842,0,1,1,0,1,0,0,1
614,2283,0,0,1,0,0,0,0,0
615,268,0,1,1,0,1,0,0,1
616,1055,0,0,1,0,0,0,1,1
617,2306,0,0,1,0,0,0,0,0
618,3602,0,0,1,0,0,0,0,1
619,3008,0,0,1,0,0,0,0,1
620,107,0,0,1,0,0,0,0,0
621,3079,0,0,1,0,0,0,0,1
622,3526,0,0,1,0,0,0,0,0
623,2862,0,0,1,0,0,0,0,0
624,1087,0,1,1,0,0,0,0,1
625,576,0,1,1,0,0,0,0,1
626,735,0,0,1,0,0,0,0,0
627,3989,0,0,1,0,0,0,0,0
628,3757,0,0,1,0,0,0,0,1
629,238,0,0,1,0,0,0,0,0
630,2267,0,1,1,0,0,0,0,1
631,2475,0,1,1,0,1,0,0,1
632,2573,0,1,1,0,1,0,0,1
633,2197,0,0,1,0,0,0,0,1
634,1436,0,0,1,0,0,0,0,0
635,2066,0,0,1,0,0,0,0,1
636,3595,0,0,1,0,0,0,0,0
637,2409,0,0,1,0,0,0,0,0
638,1942,0,0,1,0,0,0,0,1
639,2323,0,0,1,0,0,0,1,1
640,984,0,1,1,0,0,0,0,0
641,2358,0,0,1,0,0,0,0,1
642,1487,0,0,1,0,0,0,0,0
643,1165,0,0,1,0,0,0,0,1
644,2907,0,0,1,0,0,0,0,0
645,1864,0,0,1,0,0,0,0,1
646,916,0,0,1,0,1,0,0,0
647,204,0,0,1,0,0,0,1,0
648,190,0,0,1,0,0,0,0,1
649,488,0,0,1,0,0,0,0,1
650,3977,0,0,1,0,0,0,0,0
651,438,0,0,1,0,0,0,0,0
652,244,0,0,1,0,0,1,0,1
653,611,0,1,1,0,0,0,0,1
654,2540,0,0,1,0,0,0,0,1
655,3607,0,0,1,0,0,0,0,0
656,3150,0,0,1,0,0,0,0,1
657,1190,0,1,1,0,0,0,0,1
658,2336,0,0,1,0,0,0,0,0
659,3464,0,1,1,0,0,0,0,1
660,3748,0,1,1,0,0,1,0,0
661,2011,0,0,1,0,0,0,0,0
662,108,0,0,1,0,0,0,0,1
663,1363,0,0,1,0,0,0,0,1
664,1085,0,1,1,0,0,0,0,1
665,3036,0,0,1,0,1,1,0,1
666,2670,0,0,1,0,0,0,1,0
667,3590,0,1,1,0,0,0,0,1
668,426,0,1,1,0,1,0,0,1
669,3963,0,0,1,1,0,0,0,1
670,3998,0,0,1,0,0,0,0,0
671,3807,0,0,1,0,0,0,0,1
672,2488,0,0,1,0,0,0,0,0
673,2340,0,1,1,0,0,0,0,1
674,1614,0,0,1,0,0,0,0,0
675,947,0,0,1,0,0,0,0,0
676,2951,0,1,1,0,0,0,0,0
677,2122,0,0,1,0,0,0,0,1
678,1304,0,1,1,0,0,0,0,0
679,2804,0,0,1,0,1,0,0,0
680,4141,0,0,1,0,0,0,0,1
681,3035,0,0,1,0,0,0,0,0
682,816,0,0,1,0,0,0,0,0
683,459,0,0,1,0,0,0,0,0
684,254,0,0,1,0,0,0,0,1
685,937,0,0,1,0,0,0,0,0
686,303,0,1,1,0,0,0,0,1
687,3974,0,0,1,0,0,0,0,0
688,1144,0,0,1,0,0,0,0,0
689,680,1,0,1,0,0,0,1,0
690,1561,0,0,1,0,0,0,0,0
691,3910,0,0,1,1,0,0,0,1
692,2205,0,0,1,0,1,0,1,1
693,144,0,1,1,0,0,0,0,1
694,1934,0,0,1,0,0,0,0,1
695,3032,0,0,1,0,0,0,0,1
696,1462,0,1,1,0,0,0,0,0
697,3422,0,0,1,0,0,0,0,0
698,41,0,0,1,0,1,0,0,1
699,4011,0,0,1,0,1,0,0,1
700,1560,0,0,1,0,0,0,0,0
701,1271,0,1,1,0,1,1,1,0
702,3870,0,0,1,0,0,0,0,1
703,2922,0,0,1,0,0,0,0,1
704,3244,0,0,1,0,0,1,0,1
705,1674,0,0,1,0,0,0,0,0
706,3962,0,0,1,0,0,0,1,0
707,3917,0,0,1,0,1,0,1,1
708,2390,0,0,1,0,0,0,1,1
709,2257,0,0,1,0,0,0,0,1
710,2880,0,0,1,0,0,0,1,1
711,2861,0,0,1,0,0,0,0,1
712,3774,0,0,1,0,0,0,0,0
713,2665,0,0,1,0,0,0,0,1
714,2831,0,1,1,0,1,0,1,1
715,4066,0,0,1,0,0,0,0,0
716,1623,0,1,1,0,0,0,0,1
717,2079,0,0,1,0,0,0,0,1
718,390,0,1,1,0,0,0,1,0
719,1863,0,0,1,0,0,0,0,0
720,1064,0,0,1,0,0,0,0,1
721,187,0,1,1,0,0,0,1,1
722,3645,0,1,1,0,0,0,0,0
723,251,0,1,1,0,0,1,0,0
724,537,0,0,1,0,0,0,0,0
725,357,0,1,1,0,0,0,0,1
726,278,0,0,1,0,0,0,0,1
727,1728,0,0,1,0,0,1,0,0
728,3967,0,1,1,0,0,0,0,1
729,1473,0,1,1,0,0,0,1,1
730,3123,0,0,1,0,0,0,0,1
731,3775,0,1,1,0,0,0,0,1
732,3969,0,0,1,0,0,0,0,1
733,232,0,1,1,0,0,0,0,1
734,612,0,0,1,0,0,0,0,1
735,2746,0,1,1,0,0,0,0,1
736,3091,0,0,1,0,0,0,0,0
737,2206,0,0,1,0,0,0,1,0
738,328,0,0,1,0,0,0,0,0
739,941,0,0,1,0,0,0,0,0
740,2368,0,1,1,0,0,0,1,1
741,785,0,0,1,0,0,0,0,1
742,2583,0,0,1,0,0,0,0,0
743,68,0,0,1,0,0,0,0,1
744,1711,0,0,1,0,0,0,0,1
745,998,0,1,1,0,0,0,0,1
746,1197,0,0,1,0,0,0,0,0
747,3902,0,1,1,0,0,0,0,1
748,1231,0,0,1,0,0,0,0,0
749,1802,0,0,1,0,0,0,0,0
750,2043,0,0,1,0,0,0,0,1
751,3892,0,0,1,0,0,0,0,0
752,1760,0,1,1,0,1,0,1,1
753,2780,0,1,1,0,0,1,0,0
754,2736,0,0,1,0,0,0,0,0
755,3088,0,1,1,0,0,0,0,0
756,2278,0,0,1,0,0,1,0,0
757,1795,0,1,1,0,0,0,0,0
758,2069,0,0,1,0,0,1,1,1
759,2156,0,0,1,0,0,0,0,1
760,3176,0,1,1,0,0,0,0,1
761,3715,0,1,1,0,0,0,1,1
762,1809,0,0,1,0,0,0,0,1
763,638,0,0,1,0,0,0,0,0
764,2967,0,1,1,0,0,0,1,1
765,788,0,1,1,0,0,0,0,1
766,524,0,0,1,0,1,0,1,1
767,2874,0,1,1,0,0,0,1,1
768,901,0,0,1,0,0,0,0,1
769,2325,0,0,1,0,0,0,0,0
770,3682,0,0,1,0,0,0,1,0
771,1217,0,1,1,0,0,0,1,1
772,1089,0,0,1,0,0,0,0,0
773,1023,0,0,1,0,0,0,0,0
774,1413,0,1,1,0,1,0,1,0
775,4044,0,0,1,0,0,0,0,1
776,3427,0,1,1,0,0,0,0,1
777,3351,0,0,1,0,0,1,1,0
778,1383,0,1,1,0,0,0,0,1
779,3134,0,0,1,0,0,0,0,1
780,1251,0,0,1,0,0,0,0,1
781,2893,0,0,1,0,0,0,0,1
782,3484,0,0,1,0,0,0,1,1
783,145,0,0,1,0,0,0,0,1
784,8,0,1,1,0,0,0,0,1
785,393,0,1,1,0,0,0,0,0
786,2904,0,0,1,0,0,0,0,0
787,80,0,0,1,0,0,0,0,1
788,162,0,1,1,0,0,0,0,1
789,3120,0,0,1,0,0,0,0,1
790,203,0,0,1,0,0,0,0,1
791,1112,0,0,1,0,0,1,1,1
792,1454,0,0,1,0,0,0,1,0
793,3259,0,0,1,0,0,0,0,0
794,359,0,1,1,0,0,0,0,1
795,1429,0,1,1,0,0,0,0,1
796,486,0,0,1,0,0,0,0,1
797,1194,0,0,1,0,1,0,0,1
798,13,0,0,1,0,0,0,0,1
799,1238,0,0,1,0,0,0,0,0
800,2213,0,0,1,0,0,0,0,0
801,2386,0,0,1,0,1,0,0,1
802,379,0,0,1,0,0,0,0,1
803,3264,0,1,1,0,1,0,0,1
804,294,0,1,1,0,0,0,0,1
805,1621,0,0,1,0,1,0,0,1
806,2534,0,1,1,0,0,0,0,0
807,761,0,0,1,0,1,0,0,1
808,1069,0,0,1,0,0,0,1,1
809,2678,0,0,1,0,0,1,0,0
810,4099,0,1,1,0,0,0,0,1
811,3431,0,1,1,0,0,0,0,1
812,1061,0,0,1,0,0,0,0,1
813,2851,0,0,1,0,0,0,0,1
814,2479,0,0,1,0,0,0,0,1
815,345,0,0,1,0,1,0,0,1
816,970,0,0,1,0,0,0,0,1
817,3879,0,0,1,0,0,0,0,0
818,2845,0,1,1,0,0,0,0,0
819,2899,0,0,1,0,0,0,1,0
820,59,0,0,1,0,0,0,0,1
821,3025,0,0,1,0,1,0,0,1
822,1584,0,0,1,0,1,0,1,1
823,2578,0,0,1,0,0,0,0,0
824,2689,0,1,1,0,0,0,0,0
825,967,0,0,1,0,0,0,0,1
826,3693,0,1,1,0,0,0,0,0
827,1080,0,0,1,0,0,0,0,1
828,3138,0,0,1,0,0,0,0,0
829,3213,0,0,1,0,0,0,1,1
830,3325,0,0,1,0,0,0,0,0
831,2454,0,1,1,0,0,0,0,1
832,1684,0,0,1,0,0,0,0,0
833,2927,0,0,1,0,0,0,0,0
834,4130,0,1,1,0,0,0,1,0
835,3759,0,1,1,0,0,0,0,1
836,3093,0,0,1,0,0,0,1,1
837,440,0,1,1,0,0,1,0,0
838,3674,0,1,1,0,0,0,0,1
839,477,0,0,1,0,0,0,0,1
840,3638,0,0,1,0,0,0,0,0
841,3803,0,1,1,0,0,0,0,1
842,1123,0,1,1,0,0,0,0,1
843,1840,0,0,1,0,0,1,0,1
844,719,1,0,1,0,0,0,0,1
845,3034,0,0,1,0,1,0,0,0
846,1925,0,0,1,0,0,0,1,1
847,2460,0,1,1,0,0,0,1,1
848,2730,0,0,1,0,0,0,0,1
849,3689,0,1,1,0,0,0,1,1
850,6,0,0,1,0,1,0,0,1
851,1830,0,0,1,0,0,0,0,0
852,3391,0,0,1,0,0,0,0,1
853,2532,0,0,1,0,1,0,0,0
854,1540,0,0,1,0,0,0,0,0
855,1381,0,0,1,0,0,0,0,0
856,125,0,1,1,0,0,0,0,1
857,2603,0,0,1,0,0,0,0,1
858,3850,0,0,1,0,0,0,0,1
859,2652,0,1,1,0,0,0,0,1
860,712,1,0,1,0,0,1,1,0
861,2857,0,1,1,0,0,0,0,1
862,3087,0,0,1,0,0,0,0,0
863,391,0,0,1,0,0,0,0,1
864,2740,0,0,1,0,0,0,0,0
865,220,0,0,1,0,0,0,0,1
866,990,0,0,1,0,0,0,0,1
867,2630,0,0,1,0,0,0,0,1
868,1245,0,0,1,0,0,0,0,1
869,1047,0,0,1,0,0,0,1,1
870,58,0,0,1,0,0,0,1,0
871,570,0,1,1,0,0,0,0,1
872,2659,0,0,1,0,0,0,0,1
873,817,0,0,1,0,0,0,1,1
874,4137,0,0,1,0,0,0,0,1
875,2414,0,0,1,0,0,0,0,1
876,2654,0,0,1,0,0,0,1,0
877,707,1,0,1,0,0,0,0,1
878,3592,0,0,1,0,0,0,0,0
879,261,0,0,1,0,0,0,0,0
880,2860,0,0,1,0,0,0,0,0
881,1908,0,0,1,0,0,0,0,1
882,1097,0,0,1,0,0,0,0,0
883,3787,0,0,1,0,0,0,0,0
884,1301,0,0,1,0,0,1,0,0
885,2833,0,0,1,0,0,0,0,1
886,1180,0,0,1,0,0,0,0,1
887,3566,0,0,1,0,0,0,0,0
888,1142,0,0,1,0,0,0,0,1
889,1637,0,0,1,0,0,0,0,0
890,721,1,0,1,0,0,0,0,1
891,1759,0,0,1,0,0,0,0,0
892,1031,0,0,1,0,0,0,0,1
893,384,0,1,1,0,0,0,0,0
894,1565,0,0,1,0,0,0,0,0
895,590,0,0,1,0,0,0,0,1
896,2082,0,0,1,0,0,0,0,1
897,1865,0,0,1,0,0,0,0,1
898,1488,0,0,1,0,0,0,0,0
899,3966,0,1,1,0,0,0,0,0
900,4039,0,0,1,0,1,0,0,0
901,3822,0,0,1,0,0,0,0,1
902,2196,0,0,1,0,1,1,0,1
903,1735,0,1,1,0,0,0,0,1
904,2958,0,0,1,0,0,1,1,0
905,2734,0,1,1,0,0,0,0,1
906,3109,0,0,1,0,0,0,0,0
907,859,0,1,1,0,1,0,1,1
908,2440,0,0,1,0,0,0,0,1
909,2741,0,0,1,0,0,0,0,0
910,3239,0,0,1,0,0,0,0,1
911,1748,0,1,1,0,0,0,0,0
912,4096,0,0,1,0,0,0,0,1
913,3777,0,0,1,0,0,0,0,0
914,1796,0,0,1,0,0,0,0,1
915,2364,0,0,1,0,0,1,0,0
916,1062,0,0,1,0,0,1,0,0
917,823,0,0,1,0,0,0,0,1
918,3524,0,0,1,0,1,0,0,1
919,2433,0,0,1,0,0,0,0,0
920,2781,0,1,1,0,0,0,0,1
921,3796,0,1,1,0,0,0,0,1
922,2135,0,1,1,0,1,0,0,1
923,1704,0,1,1,0,0,0,0,1
924,455,0,0,1,0,0,0,0,1
925,52,0,1,1,0,0,0,1,1
926,1667,0,0,1,0,0,0,0,1
927,1817,0,1,1,0,0,0,0,0
928,4035,0,0,1,0,0,0,1,0
929,20,0,1,1,0,0,0,0,0
930,1428,0,0,1,0,0,0,0,1
931,415,0,0,1,0,0,0,0,1
932,2045,0,1,1,0,0,0,0,0
933,194,0,0,1,0,1,0,0,1
934,1220,0,1,1,0,0,0,0,0
935,3353,0,0,1,0,0,0,0,0
936,1092,0,1,1,0,1,0,1,1
937,3818,0,0,1,0,0,0,0,0
938,1224,0,0,1,0,0,0,0,0
939,1669,0,0,1,0,0,0,0,1
940,264,0,0,1,0,0,0,0,0
941,2504,0,0,1,0,0,0,0,1
942,3426,0,0,1,0,0,0,0,1
943,1464,0,0,1,0,0,0,0,0
944,2179,0,0,1,0,0,0,0,0
945,3669,0,0,1,0,0,0,0,0
946,1644,0,0,1,0,0,0,0,1
947,3705,0,0,1,0,0,0,1,1
948,3924,0,0,1,0,0,0,1,1
949,3251,0,1,1,0,0,0,1,0
950,318,0,0,1,0,1,0,0,0
951,2012,0,0,1,0,0,1,0,1
952,2869,0,0,1,0,0,0,0,1
953,581,0,1,1,0,0,0,0,1
954,631,0,0,1,0,1,0,0,1
955,3808,0,0,1,0,0,0,0,1
956,2619,0,1,1,0,0,0,1,1
957,48,0,0,1,0,0,1,0,1
958,1850,0,1,1,0,0,0,0,0
959,1767,0,0,1,0,1,1,0,1
960,3698,0,0,1,0,0,1,1,0
961,807,0,1,1,0,0,0,0,0
962,3722,0,0,1,0,1,0,0,1
963,3380,0,1,1,0,0,0,0,0
964,1746,0,1,1,0,1,0,0,1
965,2853,0,0,1,0,1,0,0,1
966,1897,0,1,1,0,0,0,0,0
967,223,0,0,1,0,1,0,0,1
968,2806,0,1,1,0,0,0,0,1
969,587,0,0,1,0,0,0,1,1
970,3511,0,0,1,0,0,0,0,1
971,3610,0,0,1,0,0,0,0,0
972,360,0,0,1,0,0,0,0,0
973,1242,0,0,1,0,0,0,0,1
974,1658,0,0,1,0,0,0,0,0
975,3622,0,1,1,0,0,0,0,1
976,833,0,0,1,1,0,0,0,0
977,2992,0,1,1,0,0,0,0,1
978,3819,0,0,1,0,0,0,0,0
979,4153,0,0,1,0,0,0,1,1
980,693,1,0,1,0,0,0,1,1
981,3865,0,0,1,0,1,0,0,1
982,1610,0,0,1,0,0,0,0,1
983,968,0,0,1,0,0,0,0,0
984,468,0,0,1,0,0,1,0,0
985,1323,0,1,1,0,0,0,0,0
986,2359,0,0,1,0,0,1,0,0
987,1153,0,0,1,0,0,0,0,1
988,1697,0,0,1,0,0,0,0,1
989,286,0,0,1,0,0,0,0,1
990,1229,0,0,1,0,0,1,0,1
991,3092,0,0,1,0,0,0,0,0
992,1725,0,0,1,0,0,0,0,0
993,3878,0,0,1,0,0,0,0,0
994,1892,0,0,1,0,0,0,0,1
995,4108,0,1,1,0,0,0,0,0
996,1493,0,1,1,0,0,0,0,1
997,2290,0,0,1,0,0,0,0,0
998,3554,0,0,1,0,0,0,0,1
999,1237,0,0,1,0,0,0,1,0
1000,97,0,0,1,0,0,0,0,1
1001,1105,0,0,1,0,0,0,0,0
1002,72,0,1,1,0,0,0,0,1
1003,3939,0,0,1,0,0,0,0,1
1004,3701,0,0,1,0,0,1,1,0
1005,799,0,0,1,0,0,0,0,1
1006,1778,0,1,1,0,0,0,0,1
1007,4045,0,0,1,0,0,0,1,0
1008,3572,0,1,1,0,0,0,1,1
1009,285,0,0,1,0,0,0,0,1
1010,559,0,1,1,0,0,0,0,0
1011,2593,0,0,1,0,0,0,0,1
1012,4001,0,0,1,0,0,0,0,1
1013,4133,0,1,1,0,0,0,1,0
1014,315,0,0,1,0,0,0,0,0
1015,1615,0,1,1,0,0,0,0,1
1016,930,0,0,1,0,0,0,0,0
1017,3041,0,0,1,0,0,0,1,0
1018,604,0,0,1,0,0,0,0,0
1019,1109,0,0,1,0,0,1,0,1
1020,1603,0,0,1,0,1,0,0,1
1021,3925,0,0,1,0,0,0,0,1
1022,157,0,0,1,0,0,0,0,0
1023,2017,0,0,1,0,0,0,0,0
1024,2446,0,0,1,0,0,0,0,1
1025,1970,0,0,1,0,0,0,0,0
1026,1992,0,0,1,0,0,0,0,1
1027,2978,0,0,1,0,1,0,1,0
1028,4019,0,0,1,0,0,1,0,1
1029,1659,0,0,1,0,0,0,0,1
1030,3488,0,0,1,0,0,0,0,0
1031,344,0,0,1,0,0,0,0,0
1032,3992,0,1,1,0,0,0,0,1
1033,3272,0,0,1,0,0,0,1,1
1034,442,0,1,1,0,0,0,0,1
1035,3853,0,1,1,0,0,0,0,0
1036,2718,0,0,1,0,0,0,0,1
1037,1647,0,0,1,0,0,0,0,1
1038,3421,0,0,1,0,0,0,0,0
1039,507,0,0,1,0,0,0,0,1
1040,2636,0,1,1,0,0,0,0,0
1041,18,0,0,1,0,0,0,0,0
1042,2155,0,0,1,0,0,0,0,0
1043,649,0,1,1,0,0,0,1,1
1044,4050,0,0,1,0,0,0,0,0
1045,776,0,0,1,0,0,0,0,0
1046,47,0,0,1,0,0,0,0,0
1047,2885,0,0,1,0,0,0,0,0
1048,1940,0,1,1,0,0,0,0,1
1049,2185,0,1,1,0,1,0,1,0
1050,2722,0,0,1,0,0,0,0,1
1051,1496,0,1,1,0,0,0,0,0
1052,3374,0,0,1,0,0,0,0,1
1053,2113,0,0,1,0,0,0,0,0
1054,1784,0,0,1,0,0,0,0,0
1055,3066,0,1,1,0,0,0,0,1
1056,1648,0,0,1,0,0,0,0,1
1057,2228,0,0,1,0,0,0,0,0
1058,2837,0,0,1,0,0,0,0,1
1059,1051,0,0,1,0,0,1,0,0
1060,1218,0,0,1,0,0,0,0,0
1061,1259,0,0,1,0,0,0,1,1
1062,1015,0,0,1,0,0,0,0,0
1063,3871,0,0,1,0,0,0,0,0
1064,1638,0,0,1,0,0,0,0,1
1065,1267,0,0,1,0,0,0,0,1
1066,1896,0,0,1,0,0,0,0,0
1067,128,0,0,1,0,0,0,0,1
1068,3880,0,0,1,0,0,0,0,0
1069,1060,0,1,1,0,0,0,0,0
1070,2905,0,1,1,0,0,0,0,1
1071,1264,0,1,1,0,0,0,0,0
1072,1111,0,0,1,0,0,0,0,1
1073,1936,0,0,1,0,0,0,0,1
1074,3743,0,0,1,0,1,0,0,0
1075,3912,0,0,1,0,0,0,0,1
1076,3646,0,0,1,0,0,0,1,1
1077,2067,0,0,1,0,0,0,0,1
1078,1856,0,0,1,0,0,0,0,0
1079,2987,0,0,1,0,1,0,0,1
1080,1309,0,1,1,0,0,0,0,1
1081,2887,0,1,1,0,0,0,0,0
1082,2929,0,1,1,0,0,0,0,1
1083,3172,0,1,1,0,0,0,0,1
1084,2775,0,1,1,0,0,0,0,0
1085,1270,0,1,1,0,0,0,0,1
1086,2381,0,0,1,0,0,0,0,0
1087,2328,0,0,1,0,0,0,0,1
1088,3862,0,0,1,0,0,0,0,1
1089,3258,0,0,1,0,0,0,0,1
1090,1036,0,1,1,0,0,0,1,1
1091,3929,0,1,1,1,0,0,0,1
1092,1868,0,0,1,0,0,0,0,0
1093,1523,0,1,1,0,0,1,0,1
1094,1720,0,0,1,0,0,0,1,0
1095,354,0,0,1,0,0,0,0,0
1096,1554,0,0,1,0,0,0,0,0
1097,880,0,1,1,0,0,0,0,1
1098,3647,0,0,1,0,0,0,0,1
1099,888,0,0,1,0,1,0,0,1
1100,491,0,1,1,0,0,0,0,0
1101,2298,0,0,1,0,1,0,0,1
1102,3741,0,0,1,0,0,1,0,0
1103,4105,0,0,1,0,0,0,0,1
1104,1148,0,0,1,0,0,0,1,1
1105,826,0,1,1,1,0,1,0,1
1106,3186,0,1,1,0,0,0,0,0
1107,669,0,0,1,0,0,0,0,0
1108,2363,0,1,1,0,0,0,0,1
1109,3793,0,0,1,0,0,0,0,0
1110,3495,0,0,1,0,0,0,0,1
1111,139,0,1,1,0,0,0,0,1
1112,3846,0,0,1,0,0,0,0,0
1113,2579,0,1,1,0,1,1,0,1
1114,250,0,1,1,0,0,0,1,1
1115,342,0,1,1,0,0,0,0,1
1116,3243,0,0,1,0,0,0,0,0
1117,796,0,0,1,0,0,0,0,1
1118,1005,0,0,1,0,0,0,0,0
1119,441,0,0,1,0,1,0,0,1
1120,1310,0,1,1,0,0,0,0,1
1121,3721,0,0,1,0,0,0,0,1
1122,2930,0,0,1,0,1,0,0,1
1123,920,0,0,1,0,0,1,0,1
1124,43,0,0,1,0,0,0,0,0
1125,2343,0,0,1,0,0,0,0,0
1126,3387,0,0,1,0,0,0,0,1
1127,2141,0,0,1,0,1,0,0,0
1128,2178,0,0,1,0,0,0,0,1
1129,270,0,0,1,0,0,0,0,0
1130,2824,0,0,1,0,0,0,0,0
1131,513,0,0,1,0,0,0,0,1
1132,475,0,0,1,0,0,1,1,0
1133,534,0,0,1,0,0,0,1,1
1134,1331,0,0,1,1,0,0,0,1
1135,897,0,0,1,0,1,1,0,1
1136,267,0,0,1,0,0,0,0,1
1137,233,0,1,1,0,1,0,0,1
1138,3261,0,1,1,0,0,0,0,1
1139,4036,0,0,1,0,0,0,0,0
1140,2076,0,0,1,0,0,0,1,1
1141,287,0,0,1,0,0,0,0,1
1142,737,0,0,1,0,0,0,0,1
1143,514,0,0,1,0,0,0,0,1
1144,814,0,0,1,0,0,0,0,1
1145,2704,0,0,1,0,0,0,0,1
1146,2662,0,0,1,0,0,0,0,0
1147,3393,0,0,1,0,0,0,0,0
1148,1690,0,0,1,0,0,1,0,1
1149,819,0,0,1,0,0,0,0,0
1150,832,0,1,1,0,0,0,0,0
1151,2449,0,0,1,0,0,0,0,0
1152,279,0,0,1,0,0,0,0,1
1153,3731,0,0,1,0,0,0,0,1
1154,2640,0,1,1,0,0,0,1,1
1155,3908,0,0,1,1,0,0,0,1
1156,3876,0,0,1,0,0,0,0,1
1157,2091,0,1,1,0,0,0,0,1
1158,3935,0,1,1,0,0,0,0,1
1159,2543,0,1,1,0,0,1,0,1
1160,2252,0,1,1,0,0,0,0,0
1161,3623,0,0,1,0,0,0,0,1
1162,3205,0,0,1,0,0,0,0,1
1163,2536,0,0,1,0,0,0,0,1
1164,3455,0,0,1,0,0,0,0,0
1165,3585,0,0,1,0,0,0,0,0
1166,4009,0,0,1,0,0,0,0,0
1167,2984,0,0,1,0,0,0,0,0
1168,309,0,0,1,0,0,0,0,0
1169,1838,0,0,1,0,0,0,0,0
1170,2586,0,1,1,0,0,0,0,0
1171,2470,0,0,1,0,0,1,0,1
1172,1993,0,0,1,0,0,0,0,1
1173,822,0,1,1,0,0,0,0,0
1174,2315,0,1,1,0,0,0,0,1
1175,1790,0,1,1,0,0,0,0,1
1176,2247,0,0,1,0,0,0,0,1
1177,3047,0,0,1,0,0,0,0,1
1178,1550,0,0,1,0,0,0,0,1
1179,1769,0,0,1,0,0,0,0,1
1180,1549,0,0,1,0,0,0,0,0
1181,1172,0,0,1,0,0,0,0,1
1182,896,0,0,1,0,0,1,0,0
1183,974,0,0,1,0,0,0,0,0
1184,3157,0,0,1,0,1,0,0,1
1185,3520,0,1,1,0,0,0,1,1
1186,1195,0,0,1,0,0,1,0,1
1187,3095,0,0,1,0,0,0,0,0
1188,2443,0,0,1,0,0,0,0,1
1189,3948,0,0,1,0,0,0,1,0
1190,2723,0,0,1,0,0,0,0,1
1191,77,0,1,1,0,0,0,0,0
1192,1427,0,0,1,0,0,0,0,1
1193,262,0,1,1,0,0,1,0,1
1194,198,0,0,1,0,0,0,0,0
1195,725,0,1,1,0,0,0,0,0
1196,3292,0,1,1,0,0,0,1,1
1197,3004,0,0,1,0,0,0,1,1
1198,2759,0,0,1,0,0,0,0,1
1199,2642,0,0,1,0,0,0,0,1
1200,3174,0,0,1,0,0,0,0,1
1201,431,0,0,1,0,0,0,0,1
1202,3408,0,0,1,0,0,0,0,0
1203,2288,0,1,1,0,0,0,0,0
1204,3765,0,1,1,0,0,0,0,1
1205,3742,0,0,1,0,0,0,0,1
1206,2856,0,0,1,0,0,0,0,0
1207,106,0,1,1,0,0,0,1,1
1208,2146,0,1,1,0,0,1,1,1
1209,1233,0,0,1,0,0,0,0,1
1210,1045,0,0,1,0,0,0,0,0
1211,515,0,0,1,0,0,0,0,1
1212,1736,0,1,1,0,0,0,0,0
1213,3245,0,0,1,0,0,0,1,0
1214,1689,0,0,1,0,0,0,1,0
1215,3834,0,0,1,0,0,0,0,1
1216,2539,0,0,1,0,0,0,0,0
1217,635,0,0,1,0,0,0,0,1
1218,3057,0,0,1,0,0,0,0,0
1219,1975,0,1,1,0,0,0,0,0
1220,1347,0,0,1,0,0,0,0,1
1221,4054,0,0,1,0,0,0,0,1
1222,3868,0,0,1,0,0,0,0,1
1223,301,0,0,1,0,0,0,1,0
1224,3537,0,0,1,0,0,1,0,1
1225,1828,0,1,1,0,0,0,0,1
1226,2714,0,0,1,0,0,0,0,0
1227,3574,0,1,1,0,0,0,0,1
1228,310,0,0,1,0,0,0,0,0
1229,2248,0,0,1,0,0,0,0,1
1230,1330,0,0,1,1,0,0,0,0
1231,2711,0,0,1,0,0,0,0,0
1232,2633,0,0,1,0,0,0,0,0
1233,4140,0,0,1,0,0,0,0,1
1234,1599,0,0,1,0,0,0,0,1
1235,1764,0,0,1,0,0,0,0,1
1236,1102,0,0,1,0,0,1,0,0
1237,908,0,0,1,0,0,0,0,0
1238,645,0,0,1,0,0,0,0,1
1239,3475,0,0,1,0,0,0,0,1
1240,3214,0,0,1,0,0,0,0,1
1241,2970,0,1,1,0,0,1,1,1
1242,3385,0,1,1,0,0,0,0,1
1243,595,0,1,1,0,0,0,0,0
1244,2382,0,0,1,0,0,0,0,1
1245,260,0,1,1,0,0,0,0,1
1246,4034,0,0,1,0,0,0,0,0
1247,2854,0,0,1,0,0,0,0,0
1248,2419,0,0,1,0,0,0,0,0
1249,3219,0,0,1,0,0,1,1,1
1250,3026,0,0,1,0,0,1,1,1
1251,2538,0,0,1,0,0,0,0,0
1252,4132,0,0,1,0,0,0,0,1
1253,1581,0,0,1,0,0,0,0,1
1254,3410,0,0,1,0,0,0,0,0
1255,1851,0,1,1,0,0,1,0,0
1256,3569,0,0,1,0,0,0,0,1
1257,2013,0,0,1,0,1,0,0,1
1258,2996,0,1,1,0,0,0,0,0
1259,991,0,0,1,0,0,0,0,1
1260,2094,0,1,1,0,0,0,0,1
1261,3104,0,0,1,0,0,0,0,1
1262,101,0,1,1,0,0,0,0,1
1263,2713,0,0,1,0,0,0,0,1
1264,2055,0,0,1,0,0,0,1,1
1265,1497,0,0,1,0,0,0,0,1
1266,4156,0,0,1,0,0,0,0,1
1267,950,0,1,1,0,0,0,0,0
1268,1912,0,1,1,0,0,0,0,1
1269,1265,0,1,1,0,0,0,0,0
1270,1694,0,0,1,0,0,0,1,0
1271,2767,0,0,1,0,0,0,0,0
1272,2171,0,1,1,0,0,0,1,0
1273,1465,0,1,1,0,0,0,0,0
1274,508,0,0,1,0,0,0,0,1
1275,1463,0,0,1,0,0,0,0,1
1276,2787,0,0,1,0,0,0,0,0
1277,1212,0,0,1,0,0,0,0,1
1278,4058,0,0,1,0,0,0,0,0
1279,2121,0,1,1,0,0,0,0,1
1280,1182,0,0,1,0,0,1,0,1
1281,3848,0,0,1,0,0,0,0,1
1282,3760,0,0,1,0,0,0,0,1
1283,3749,0,0,1,0,0,0,0,0
1284,3372,0,0,1,0,0,0,0,0
1285,2693,0,0,1,0,0,0,0,1
1286,2937,0,0,1,0,0,0,0,0
1287,147,0,0,1,0,0,0,0,0
1288,2789,0,0,1,0,0,0,0,1
1289,3580,0,1,1,0,0,0,0,1
1290,2085,0,1,1,0,0,0,0,1
1291,1797,0,1,1,0,0,1,0,1
1292,3922,0,1,1,1,1,0,0,0
1293,3611,0,0,1,0,0,0,0,1
1294,2795,0,1,1,0,0,0,0,0
1295,1151,0,0,1,0,0,0,0,0
1296,2254,0,0,1,0,0,0,0,1
1297,2818,0,0,1,0,0,0,0,0
1298,2203,0,0,1,0,0,0,0,0
1299,312,0,1,1,0,0,0,0,1
1300,2807,0,0,1,0,0,0,0,0
1301,3521,0,1,1,0,0,0,0,0
1302,1199,0,0,1,0,0,0,0,1
1303,3653,0,1,1,0,0,0,1,1
1304,3102,0,0,1,0,0,0,0,1
1305,3626,0,0,1,0,0,0,0,1
1306,2026,0,0,1,0,0,0,0,1
1307,3054,0,0,1,0,0,0,0,0
1308,152,0,1,1,0,0,0,0,0
1309,3187,0,0,1,0,0,0,0,0
1310,1622,0,0,1,0,0,0,0,1
1311,3736,0,0,1,0,0,0,0,1
1312,3823,0,0,1,0,0,0,0,1
1313,1650,0,1,1,0,0,0,0,0
1314,2102,0,0,1,0,0,0,0,0
1315,3661,0,0,1,0,0,0,0,1
1316,2065,0,1,1,0,0,1,1,0
1317,55,0,0,1,0,0,0,0,0
1318,3528,0,1,1,0,0,0,0,1
1319,1688,0,0,1,0,0,0,0,0
1320,992,0,0,1,0,0,0,1,1
1321,1073,0,1,1,0,0,0,0,1
1322,3038,0,0,1,0,0,0,0,0
1323,4002,0,0,1,0,0,0,1,0
1324,3314,0,1,1,0,0,0,0,1
1325,1343,0,0,1,0,0,0,0,0
1326,3915,0,0,1,1,0,0,0,1
1327,1676,0,0,1,0,0,0,1,1
1328,255,0,0,1,0,0,0,0,1
1329,1286,0,0,1,0,0,0,0,1
1330,2160,0,0,1,0,0,0,0,1
1331,1812,0,0,1,0,0,0,0,0
1332,2849,0,0,1,0,1,0,0,0
1333,919,0,1,1,0,0,0,0,0
1334,3898,0,0,1,0,0,0,0,1
1335,2892,0,0,1,0,0,0,0,1
1336,335,0,0,1,0,0,0,0,0
1337,553,0,0,1,0,0,1,0,1
1338,2126,0,0,1,0,0,0,0,0
1339,1727,0,1,1,0,0,0,0,1
1340,1953,0,0,1,0,0,0,0,1
1341,2489,0,0,1,0,0,0,0,0
1342,2041,0,1,1,0,0,0,0,1
1343,722,1,0,1,0,0,0,0,0
1344,2600,0,0,1,0,0,0,0,1
1345,140,0,0,1,0,0,0,0,1
1346,1891,0,1,1,0,0,0,0,1
1347,1103,0,0,1,0,1,0,0,1
1348,1035,0,0,1,0,0,0,0,1
1349,3873,0,1,1,0,0,0,0,1
1350,585,0,0,1,0,0,0,1,0
1351,1852,0,1,1,0,0,1,0,0
1352,4107,0,0,1,0,1,0,1,1
1353,934,0,0,1,0,0,0,0,1
1354,3002,0,0,1,0,0,0,0,1
1355,3180,0,0,1,0,0,0,0,1
1356,1639,0,0,1,0,0,1,0,0
1357,102,0,0,1,0,0,0,0,0
1358,1877,0,0,1,0,0,0,0,0
1359,2417,0,0,1,0,0,0,0,1
1360,1895,0,1,1,0,0,0,0,1
1361,3406,0,1,1,0,0,0,0,0
1362,3560,0,1,1,0,0,0,0,1
1363,4091,0,0,1,0,0,0,0,1
1364,2339,0,1,1,0,0,0,0,1
1365,2157,0,0,1,0,0,0,0,1
1366,2246,0,0,1,0,0,0,0,0
1367,208,0,0,1,0,0,0,0,0
1368,1200,0,1,1,0,0,0,0,0
1369,728,0,0,1,0,0,0,0,1
1370,3923,0,1,1,0,0,0,0,0
1371,19,0,0,1,0,0,0,0,1
1372,4064,0,0,1,0,0,0,0,1
1373,54,0,1,1,0,1,0,0,0
1374,1870,0,0,1,0,0,0,0,0
1375,2308,0,0,1,0,0,0,0,1
1376,1094,0,0,1,0,0,0,0,1
1377,3012,0,1,1,0,0,0,0,0
1378,3159,0,0,1,0,0,0,0,0
1379,3363,0,0,1,0,0,0,0,1
1380,2326,0,1,1,0,0,0,0,1
1381,1548,0,0,1,0,0,0,0,1
1382,3452,0,1,1,0,0,0,0,1
1383,2891,0,1,1,0,0,0,0,0
1384,754,0,1,1,0,0,0,0,1
1385,2995,0,0,1,0,0,0,0,1
1386,1132,0,0,1,0,0,0,0,0
1387,2143,0,0,1,0,0,0,0,0
1388,2183,0,1,1,0,0,0,0,0
1389,3266,0,0,1,0,0,0,0,0
1390,3090,0,0,1,0,0,0,0,0
1391,2049,0,0,1,0,0,0,0,1
1392,3949,0,0,1,1,0,0,0,0
1393,1579,0,0,1,0,0,0,0,1
1394,3255,0,1,1,0,0,0,0,0
1395,2526,0,1,1,0,0,0,0,1
1396,1354,0,0,1,0,0,1,0,0
1397,2888,0,0,1,0,0,0,0,0
1398,2675,0,0,1,0,0,0,0,0
1399,3750,0,0,1,0,0,0,0,0
1400,1152,0,0,1,0,0,0,0,1
1401,2275,0,0,1,0,1,0,1,0
1402,3246,0,0,1,0,0,0,0,0
1403,2641,0,0,1,0,0,0,0,1
1404,38,0,0,1,0,0,0,1,1
1405,3498,0,0,1,0,0,1,0,1
1406,2875,0,0,1,0,0,0,0,0
1407,1082,0,1,1,0,1,0,0,1
1408,3024,0,0,1,0,0,0,0,1
1409,3630,0,1,1,0,0,0,0,1
1410,339,0,0,1,0,0,0,0,1
1411,1539,0,0,1,0,0,0,0,1
1412,2376,0,0,1,0,0,0,0,0
1413,4033,0,0,1,0,0,0,0,0
1414,2220,0,0,1,0,0,0,0,1
1415,293,0,0,1,0,0,0,0,0
1416,2379,0,1,1,0,0,0,0,1
1417,1687,0,0,1,0,0,0,0,0
1418,3553,0,0,1,0,0,0,0,1
1419,767,0,1,1,0,0,1,0,1
1420,2251,0,0,1,0,0,0,0,1
1421,982,0,0,1,0,0,1,0,0
1422,3033,0,0,1,0,0,0,0,1
1423,2792,0,1,1,0,0,0,0,0
1424,2181,0,0,1,0,0,0,0,1
1425,1672,0,0,1,0,0,0,0,0
1426,2738,0,0,1,0,0,0,0,0
1427,2558,0,0,1,0,0,0,0,1
1428,815,0,1,1,0,0,0,0,0
1429,479,0,0,1,0,0,0,0,1
1430,3211,0,0,1,0,0,0,0,1
1431,978,0,0,1,0,0,0,0,0
1432,1303,0,1,1,0,0,0,0,1
1433,730,0,0,1,0,0,0,0,0
1434,1431,0,0,1,0,1,0,0,1
1435,3278,0,1,1,0,0,0,0,1
1436,2707,0,0,1,0,0,0,0,1
1437,3800,0,1,1,0,0,0,0,0
1438,3762,0,1,1,0,0,0,0,0
1439,1013,0,0,1,0,0,1,0,1
1440,3672,0,0,1,0,0,0,0,0
1441,1235,0,1,1,0,0,0,0,1
1442,2793,0,0,1,0,0,0,0,1
1443,2469,0,0,1,1,0,0,0,1
1444,434,0,0,1,0,0,0,0,1
1445,2797,0,0,1,0,0,0,0,0
1446,2280,0,1,1,0,1,0,0,0
1447,4052,0,0,1,0,0,0,0,0
1448,2682,0,0,1,0,0,0,0,1
1449,2333,0,0,1,0,0,0,0,1
1450,3067,0,0,1,0,0,0,0,1
1451,2125,0,0,1,0,0,0,1,0
1452,2292,0,0,1,0,0,0,0,1
1453,2329,0,0,1,0,1,0,1,1
1454,2507,0,0,1,0,0,0,0,1
1455,563,0,0,1,0,0,0,0,1
1456,2562,0,0,1,0,0,0,1,1
1457,205,0,1,1,0,0,0,0,0
1458,1693,0,0,1,0,0,0,0,0
1459,3395,0,0,1,0,0,0,0,1
1460,1527,0,0,1,0,0,0,1,0
1461,2878,0,1,1,0,0,0,0,1
1462,2408,0,1,1,0,0,0,0,1
1463,662,0,0,1,0,1,0,0,1
1464,3957,0,0,1,1,0,0,0,1
1465,2304,0,0,1,0,0,0,0,1
1466,2519,0,1,1,0,0,0,0,1
1467,89,0,0,1,0,0,1,0,1
1468,647,0,1,1,0,0,0,0,0
1469,764,0,0,1,0,0,0,0,1
1470,1056,0,0,1,0,0,0,0,0
1471,2238,0,1,1,0,0,0,0,1
1472,827,0,1,1,1,0,0,0,1
1473,1241,0,0,1,0,0,0,0,1
1474,1904,0,0,1,0,0,0,0,1
1475,3598,0,0,1,0,0,0,0,0
1476,1531,0,0,1,0,0,0,0,0
1477,3257,0,0,1,0,0,0,1,1
1478,3287,0,0,1,0,0,0,0,0
1479,143,0,0,1,0,0,0,1,1
1480,789,0,1,1,0,0,0,0,0
1481,2062,0,0,1,0,0,0,0,1
1482,3310,0,1,1,0,0,1,0,1
1483,1875,0,0,1,0,0,0,0,0
1484,2169,0,1,1,0,0,0,0,1
1485,2645,0,0,1,0,0,0,0,0
1486,3039,0,0,1,0,0,0,0,0
1487,171,0,0,1,0,0,0,0,1
1488,412,0,0,1,0,0,0,0,1
1489,2553,0,0,1,0,0,0,0,0
1490,416,0,0,1,0,0,0,0,1
1491,2606,0,1,1,0,1,0,0,1
1492,1302,0,0,1,0,0,0,0,1
1493,2952,0,0,1,0,0,0,0,1
1494,3725,0,1,1,0,0,0,0,1
1495,364,0,0,1,0,0,0,0,0
1496,2411,0,0,1,0,0,0,0,1
1497,2949,0,1,1,0,0,0,0,1
1498,744,0,1,1,0,0,0,0,1
1499,73,0,1,1,0,0,0,0,1
1500,3302,0,1,1,0,1,0,0,0
1501,3368,0,0,1,0,0,0,0,1
1502,1272,0,1,1,0,0,0,0,1
1503,2221,0,0,1,0,0,0,0,1
1504,2373,0,1,1,0,0,0,1,1
1505,2000,0,0,1,0,0,0,0,0
1506,3761,0,1,1,0,0,0,0,0
1507,2439,0,0,1,0,0,0,0,1
1508,2639,0,1,1,0,0,0,0,1
1509,1503,0,1,1,0,0,0,1,0
1510,2215,0,1,1,0,0,0,0,1
1511,1223,0,0,1,0,1,0,1,1
1512,3153,0,1,1,0,0,0,0,0
1513,2111,0,0,1,0,0,0,1,1
1514,3891,0,0,1,0,1,1,0,0
1515,2010,0,0,1,0,0,0,0,0
1516,2743,0,0,1,0,0,0,0,0
1517,2369,0,0,1,0,0,1,0,0
1518,633,0,0,1,0,0,0,0,1
1519,3229,0,0,1,0,0,0,0,0
1520,3955,0,1,1,1,1,0,0,1
1521,3650,0,1,1,0,0,0,0,1
1522,1086,0,0,1,0,0,0,0,0
1523,1415,0,1,1,0,0,0,1,1
1524,634,0,0,1,0,0,0,0,0
1525,1466,0,1,1,0,0,0,0,0
1526,2047,0,0,1,0,0,0,0,1
1527,2591,0,0,1,0,0,0,0,1
1528,1862,0,1,1,0,0,0,0,1
1529,3491,0,0,1,0,0,0,1,0
1530,1813,0,0,1,0,0,0,0,1
1531,2242,0,0,1,0,0,1,0,0
1532,178,0,1,1,0,0,0,1,1
1533,500,0,0,1,0,0,0,0,0
1534,3827,0,0,1,0,0,0,0,1
1535,484,0,0,1,0,0,1,0,0
1536,3059,0,0,1,0,0,0,0,1
1537,3331,0,1,1,0,0,0,0,0
1538,2259,0,1,1,0,0,0,0,1
1539,2721,0,0,1,0,1,0,0,1
1540,3248,0,0,1,0,0,0,0,0
1541,881,0,1,1,0,0,0,0,1
1542,1173,0,1,1,0,0,0,0,0
1543,1700,0,0,1,0,0,0,0,1
1544,1348,0,0,1,0,0,0,0,1
1545,273,0,0,1,0,0,0,1,1
1546,3419,0,0,1,0,0,0,1,0
1547,763,0,1,1,0,0,0,0,0
1548,2231,0,1,1,0,0,0,0,1
1549,1608,0,0,1,0,0,0,0,1
1550,1365,0,0,1,0,0,0,0,1
1551,3614,0,0,1,0,0,0,0,1
1552,1609,0,0,1,0,0,0,0,1
1553,997,0,1,1,0,0,0,0,1
1554,2105,0,1,1,0,0,0,0,1
1555,2528,0,0,1,0,0,0,0,1
1556,2808,0,1,1,0,0,0,0,1
1557,3227,0,1,1,0,0,0,0,0
1558,1854,0,0,1,0,0,1,1,0
1559,3070,0,0,1,0,0,0,0,1
1560,1476,0,1,1,0,0,0,0,1
1561,319,0,1,1,0,0,0,0,1
1562,184,0,1,1,0,0,0,1,0
1563,2939,0,0,1,0,0,1,0,0
1564,2901,0,1,1,0,0,0,0,0
1565,3501,0,0,1,0,0,0,0,1
1566,3021,0,0,1,0,0,0,0,0
1567,2040,0,0,1,0,0,0,0,1
1568,843,0,0,1,0,0,0,0,1
1569,3523,0,0,1,0,1,0,0,1
1570,541,0,0,1,0,1,0,0,1
1571,1160,0,0,1,0,1,0,1,0
1572,805,0,0,1,0,0,0,0,0
1573,2258,0,1,1,0,0,0,0,1
1574,3744,0,1,1,0,0,0,0,1
1575,1141,0,1,1,0,0,0,1,1
1576,210,0,0,1,0,0,0,0,0
1577,3065,0,1,1,0,0,0,0,0
1578,2525,0,0,1,0,0,0,0,0
1579,65,0,1,1,0,0,0,0,0
1580,867,0,0,1,0,1,0,0,1
1581,3262,0,0,1,0,0,0,0,0
1582,2858,0,0,1,0,0,0,0,1
1583,4098,0,0,1,0,0,0,0,1
1584,1138,0,0,1,0,0,0,0,0
1585,3175,0,0,1,0,0,0,0,0
1586,1032,0,0,1,0,1,0,0,1
1587,2341,0,0,1,0,0,0,0,0
1588,341,0,0,1,0,0,0,0,0
1589,3212,0,0,1,0,0,0,0,1
1590,879,0,0,1,0,0,0,0,0
1591,1517,0,1,1,0,0,0,0,1
1592,372,0,0,1,0,1,0,0,1
1593,2638,0,1,1,0,0,0,0,1
1594,2272,0,1,1,0,0,0,0,0
1595,2581,0,1,1,0,0,0,0,0
1596,893,0,1,1,0,0,0,0,0
1597,3634,0,0,1,0,0,0,0,1
1598,3931,0,0,1,1,0,0,1,1
1599,3676,0,0,1,0,0,0,0,1
1600,1333,0,0,1,0,0,0,0,0
1601,2415,0,1,1,0,0,0,0,1
1602,3627,0,0,1,0,0,0,0,1
1603,96,0,0,1,0,0,0,0,0
1604,2770,0,0,1,0,0,0,0,0
1605,2651,0,0,1,0,1,0,1,0
1606,3045,0,1,1,0,0,0,0,1
1607,3874,0,1,1,0,0,0,0,1
1608,129,0,0,1,0,0,0,0,1
1609,2574,0,0,1,0,0,0,0,0
1610,2131,0,0,1,0,0,0,0,1
1611,1646,0,0,1,0,0,0,1,1
1612,1997,0,0,1,0,0,1,0,0
1613,4074,0,1,1,0,1,0,0,1
1614,2784,0,0,1,0,0,0,0,1
1615,3345,0,0,1,0,0,0,0,0
1616,3510,0,0,1,0,0,0,0,1
1617,370,0,0,1,0,0,0,0,0
1618,1799,0,1,1,0,0,0,0,1
1619,2517,0,0,1,0,0,0,1,1
1620,2128,0,0,1,0,0,0,0,0
1621,1831,0,1,1,0,0,1,0,0
1622,999,0,0,1,0,0,0,1,1
1623,885,0,0,1,0,0,0,1,1
1624,741,0,0,1,0,0,0,0,1
1625,231,0,0,1,0,0,0,0,1
1626,377,0,0,1,0,0,0,0,0
1627,3751,0,0,1,0,0,0,0,1
1628,3979,0,0,1,0,0,1,0,1
1629,432,0,0,1,0,0,0,0,1
1630,1370,0,0,1,0,0,0,0,1
1631,3037,0,1,1,0,1,0,0,1
1632,1387,0,1,1,0,0,0,1,1
1633,1602,0,0,1,0,0,0,1,1
1634,1149,0,1,1,0,0,0,0,1
1635,2657,0,1,1,0,0,1,0,0
1636,172,0,1,1,0,0,0,0,1
1637,1887,0,0,1,0,0,0,0,1
1638,2668,0,0,1,0,0,0,0,1
1639,818,0,0,1,0,0,0,0,1
1640,3223,0,0,1,0,0,0,0,1
1641,2279,0,1,1,0,1,0,0,0
1642,952,0,1,1,0,1,0,0,1
1643,16,0,0,1,0,0,0,1,0
1644,2038,0,0,1,0,0,0,0,1
1645,2032,0,0,1,0,0,0,0,1
1646,3194,0,0,1,0,0,1,0,0
1647,367,0,1,1,0,0,0,0,1
1648,1416,0,0,1,0,0,0,0,1
1649,3772,0,1,1,0,0,0,0,1
1650,3926,0,1,1,0,0,0,0,0
1651,2776,0,1,1,0,0,1,0,0
1652,2918,0,1,1,0,0,0,1,0
1653,3561,0,1,1,0,0,0,0,1
1654,1859,0,0,1,0,0,0,0,0
1655,3215,0,0,1,0,0,0,0,0
1656,3220,0,1,1,0,0,0,0,1
1657,1946,0,1,1,0,0,0,0,0
1658,3085,0,1,1,0,0,0,0,1
1659,1635,0,0,1,0,0,0,0,1
1660,3352,0,1,1,0,0,0,0,1
1661,544,0,0,1,0,0,0,0,1
1662,2467,0,0,1,1,0,0,0,1
1663,1469,0,0,1,0,0,0,0,1
1664,1679,0,0,1,0,0,0,0,1
1665,1914,0,0,1,0,0,0,0,0
1666,554,0,0,1,0,0,0,0,1
1667,362,0,1,1,0,0,0,0,0
1668,551,0,0,1,0,0,0,0,0
1669,3983,0,0,1,0,0,0,0,0
1670,81,0,0,1,0,0,0,0,1
1671,1741,0,1,1,0,0,0,0,0
1672,3944,0,0,1,0,0,0,1,0
1673,355,0,0,1,0,0,0,1,0
1674,2095,0,0,1,0,0,0,0,1
1675,2462,0,0,1,0,0,0,0,1
1676,2705,0,0,1,0,0,0,0,1
1677,4038,0,0,1,0,0,0,0,0
1678,556,0,0,1,0,0,0,0,0
1679,697,1,0,1,0,0,0,0,1
1680,3709,0,0,1,0,0,0,0,1
1681,653,0,0,1,0,0,0,0,0
1682,3573,0,0,1,0,0,0,1,0
1683,3487,0,0,1,0,0,0,0,0
1684,420,0,0,1,0,0,0,0,1
1685,2655,0,1,1,0,0,1,0,0
1686,3242,0,0,1,0,0,0,0,0
1687,3619,0,0,1,0,0,0,0,0
1688,1236,0,0,1,0,0,0,0,0
1689,1095,0,0,1,0,0,0,0,1
1690,3078,0,0,1,0,0,0,0,0
1691,3766,0,0,1,0,0,0,1,1
1692,2318,0,1,1,0,0,0,1,0
1693,964,0,0,1,0,0,0,0,0
1694,1171,0,0,1,0,1,0,0,1
1695,371,0,0,1,0,0,1,0,0
1696,3733,0,0,1,0,0,0,0,0
1697,2908,0,0,1,0,0,0,0,0
1698,1586,0,0,1,0,0,0,0,1
1699,1495,0,1,1,0,0,0,0,1
1700,2561,0,1,1,0,0,0,0,1
1701,3771,0,0,1,0,0,0,0,0
1702,1869,0,0,1,0,0,0,0,0
1703,258,0,0,1,0,0,0,1,1
1704,773,0,0,1,0,0,0,0,0
1705,2073,0,1,1,0,0,0,0,1
1706,2994,0,0,1,0,0,1,0,1
1707,2030,0,0,1,0,0,0,0,0
1708,3453,0,0,1,0,0,0,0,1
1709,114,0,1,1,0,0,0,0,0
1710,1827,0,0,1,0,0,1,0,1
1711,1605,0,1,1,0,0,0,0,1
1712,961,0,0,1,0,0,0,0,1
1713,2302,0,0,1,0,0,0,0,0
1714,3115,0,0,1,0,0,0,0,1
1715,683,1,0,1,0,0,0,1,0
1716,2338,0,0,1,0,0,0,0,1
1717,56,0,0,1,0,0,0,0,1
1718,4029,0,0,1,0,0,0,0,0
1719,435,0,0,1,0,0,0,1,0
1720,1063,0,0,1,0,0,1,0,1
1721,155,0,0,1,0,0,0,0,1
1722,3075,0,1,1,0,0,0,0,1
1723,1021,0,0,1,0,0,0,0,1
1724,60,0,1,1,0,0,0,0,1
1725,2089,0,1,1,0,0,0,1,1
1726,786,0,0,1,0,0,0,0,0
1727,35,0,0,1,0,0,0,0,1
1728,3539,0,0,1,0,0,0,1,1
1729,1661,0,0,1,0,0,0,0,1
1730,1066,0,0,1,0,0,0,0,1
1731,358,0,1,1,0,0,0,0,1
1732,1129,0,0,1,0,0,0,0,1
1733,4122,0,1,1,0,0,0,0,1
1734,3551,0,0,1,0,0,0,0,0
1735,526,0,1,1,0,0,0,1,1
1736,1207,0,1,1,0,0,0,0,1
1737,3280,0,0,1,0,0,0,0,0
1738,265,0,0,1,0,0,0,0,1
1739,1596,0,0,1,0,1,0,0,1
1740,1675,0,0,1,0,0,0,0,0
1741,1979,0,1,1,0,0,1,0,0
1742,1529,0,1,1,0,0,0,0,0
1743,3587,0,1,1,0,0,1,0,1
1744,3300,0,0,1,0,0,0,0,1
1745,3000,0,0,1,0,1,0,0,1
1746,2527,0,0,1,0,0,0,0,0
1747,336,0,0,1,0,0,0,0,1
1748,2610,0,1,1,0,1,0,0,1
1749,3651,0,0,1,0,0,0,0,0
1750,1163,0,0,1,0,0,0,0,1
1751,891,0,1,1,0,1,0,0,1
1752,495,0,0,1,0,1,1,0,1
1753,582,0,1,1,0,0,0,0,1
1754,3882,0,0,1,0,1,0,0,1
1755,3089,0,0,1,0,0,0,0,0
1756,3198,0,0,1,0,0,0,0,0
1757,2492,0,0,1,0,0,0,0,1
1758,1196,0,0,1,0,1,0,1,1
1759,2666,0,0,1,0,0,0,0,1
1760,3933,0,1,1,0,0,0,0,1
1761,212,0,1,1,0,0,0,0,1
1762,3200,0,1,1,0,0,0,0,0
1763,1070,0,1,1,0,1,0,0,1
1764,75,0,0,1,0,0,1,0,1
1765,3594,0,1,1,0,0,0,0,0
1766,1320,0,1,1,1,0,0,0,0
1767,1037,0,0,1,0,0,0,0,1
1768,3670,0,0,1,0,1,0,1,1
1769,247,0,0,1,0,0,0,0,1
1770,1606,0,1,1,0,1,0,0,0
1771,3934,0,1,1,0,0,0,0,1
1772,1511,0,0,1,0,0,0,1,0
1773,1930,0,0,1,0,0,0,0,0
1774,186,0,1,1,0,1,0,0,1
1775,2964,0,0,1,0,0,0,0,1
1776,2027,0,0,1,0,0,1,0,0
1777,2731,0,0,1,0,0,1,0,1
1778,2068,0,1,1,0,0,0,0,0
1779,2906,0,1,1,0,0,0,0,1
1780,1633,0,0,1,0,0,0,0,1
1781,2974,0,0,1,0,0,0,0,0
1782,1081,0,0,1,0,0,0,0,0
1783,2925,0,0,1,0,0,0,0,1
1784,3656,0,1,1,0,0,0,0,0
1785,3642,0,1,1,0,0,0,0,1
1786,1792,0,0,1,0,0,0,1,1
1787,2435,0,0,1,0,0,0,0,0
1788,1666,0,0,1,0,0,0,0,1
1789,32,0,0,1,0,0,0,0,1
1790,3601,0,0,1,0,0,0,0,1
1791,1130,0,0,1,0,0,0,1,0
1792,3029,0,0,1,0,0,0,0,1
1793,445,0,0,1,0,0,0,0,0
1794,3615,0,0,1,0,0,0,0,1
1795,464,0,1,1,0,0,0,0,0
1796,3769,0,1,1,0,0,0,1,0
1797,4139,0,1,1,0,0,0,0,0
1798,2192,0,0,1,0,0,0,0,0
1799,1692,0,0,1,0,0,0,0,1
1800,2327,0,0,1,0,0,1,0,0
1801,1820,0,0,1,0,0,0,0,1
1802,2816,0,1,1,0,1,0,0,1
1803,1957,0,0,1,0,0,0,0,0
1804,2873,0,1,1,0,0,0,1,0
1805,2594,0,0,1,0,0,0,0,0
1806,243,0,0,1,0,1,0,0,1
1807,1715,0,1,1,0,0,0,0,1
1808,401,0,0,1,0,0,0,0,1
1809,2044,0,0,1,0,0,0,0,0
1810,1996,0,0,1,0,0,0,0,1
1811,3355,0,0,1,0,0,0,0,1
1812,4131,0,1,1,0,0,0,0,0
1813,3017,0,0,1,0,0,1,0,0
1814,2710,0,1,1,0,0,0,0,1
1815,450,0,0,1,0,0,0,0,1
1816,1234,0,1,1,0,0,0,0,0
1817,3295,0,0,1,0,1,1,0,0
1818,3447,0,1,1,0,0,0,0,0
1819,2346,0,1,1,0,0,0,0,0
1820,471,0,0,1,0,0,0,0,1
1821,3504,0,0,1,0,0,0,0,1
1822,2835,0,1,1,0,0,0,0,1
1823,3829,0,1,1,0,0,0,0,0
1824,3636,0,1,1,0,0,0,0,1
1825,1685,0,1,1,0,0,0,0,1
1826,2884,0,0,1,0,0,0,0,0
1827,3448,0,1,1,0,0,0,0,0
1828,1798,0,0,1,0,0,0,0,0
1829,2825,0,1,1,0,0,0,0,1
1830,1844,0,0,1,0,0,0,0,0
1831,613,0,0,1,0,0,0,0,1
1832,1417,0,0,1,0,0,0,0,0
1833,2487,0,0,1,0,0,0,0,1
1834,4078,0,0,1,0,0,0,0,1
1835,3240,0,1,1,0,0,0,0,0
1836,2895,0,0,1,0,1,0,0,0
1837,4158,0,0,1,0,0,0,0,0
1838,2134,0,0,1,0,0,0,0,1
1839,4070,0,1,1,0,0,0,0,1
1840,2948,0,0,1,0,0,0,0,1
1841,3234,0,0,1,0,0,0,0,0
1842,2935,0,0,1,0,1,0,1,1
1843,2742,0,1,1,0,0,0,0,1
1844,2334,0,1,1,0,0,0,0,0
1845,1225,0,0,1,0,0,0,0,1
1846,1787,0,0,1,0,1,0,0,0
1847,1509,0,0,1,0,0,0,0,1
1848,3890,0,1,1,0,0,0,0,1
1849,3700,0,0,1,0,0,0,0,0
1850,2109,0,0,1,0,0,0,0,0
1851,1740,0,1,1,0,1,0,0,0
1852,542,0,1,1,0,0,0,0,1
1853,110,0,1,1,0,0,0,0,0
1854,1642,0,0,1,0,0,0,0,1
1855,512,0,0,1,0,0,0,0,1
1856,1624,0,0,1,0,0,0,0,1
1857,2007,0,0,1,0,0,0,0,1
1858,3362,0,0,1,0,0,0,0,1
1859,2057,0,0,1,0,1,0,0,1
1860,2104,0,0,1,0,0,0,0,0
1861,3247,0,0,1,0,0,0,0,1
1862,1730,0,0,1,0,0,0,0,1
1863,1618,0,0,1,0,0,0,0,0
1864,3301,0,0,1,0,0,0,0,1
1865,78,0,0,1,0,0,0,0,1
1866,2989,0,1,1,0,0,1,0,0
1867,2330,0,1,1,0,0,0,0,0
1868,2008,0,0,1,0,0,0,0,0
1869,3478,0,0,1,0,1,0,1,1
1870,2890,0,1,1,0,0,0,0,1
1871,313,0,1,1,0,0,0,0,0
1872,3152,0,0,1,0,0,0,0,0
1873,1315,0,0,1,1,0,0,0,1
1874,915,0,0,1,0,0,0,0,1
1875,701,1,1,1,0,0,0,0,1
1876,2399,0,0,1,0,0,0,0,0
1877,466,0,0,1,0,0,0,0,0
1878,1025,0,0,1,0,0,0,0,0
1879,363,0,0,1,0,0,0,1,1
1880,3149,0,1,1,0,0,0,0,1
1881,1853,0,0,1,0,0,0,0,1
1882,3932,0,1,1,1,0,0,0,0
1883,1352,0,0,1,0,0,0,0,1
1884,1369,0,0,1,0,0,0,0,0
1885,3576,0,0,1,0,0,0,0,0
1886,2081,0,1,1,0,0,0,0,0
1887,3465,0,0,1,0,0,0,0,1
1888,4118,0,0,1,0,0,0,0,0
1889,1535,0,0,1,0,0,0,0,1
1890,1040,0,0,1,0,1,0,0,1
1891,2749,0,1,1,0,0,0,0,0
1892,3904,0,0,1,1,0,0,0,1
1893,3023,0,0,1,0,0,0,0,0
1894,83,0,1,1,0,0,0,0,0
1895,79,0,0,1,0,0,0,1,0
1896,666,0,0,1,0,0,0,0,0
1897,1449,0,0,1,0,0,0,0,0
1898,4097,0,1,1,0,0,0,0,0
1899,923,0,0,1,0,0,0,0,0
1900,1450,0,0,1,0,0,0,0,1
1901,3398,0,0,1,0,0,0,0,0
1902,3210,0,1,1,0,0,1,1,1
1903,2977,0,1,1,0,0,1,0,1
1904,2266,0,0,1,0,0,0,0,1
1905,2389,0,1,1,0,0,0,0,1
1906,812,0,0,1,0,1,0,0,0
1907,1521,0,0,1,0,0,0,0,0
1908,3267,0,1,1,0,0,0,0,1
1909,2589,0,0,1,0,0,0,0,0
1910,660,0,0,1,0,0,0,0,0
1911,1932,0,1,1,0,0,0,0,1
1912,1452,0,1,1,0,0,1,0,1
1913,3978,0,1,1,0,0,0,0,1
1914,862,0,0,1,0,0,0,0,1
1915,1814,0,1,1,0,0,0,1,1
1916,3019,0,1,1,0,1,0,0,1
1917,3424,0,0,1,0,0,0,0,1
1918,3061,0,0,1,0,1,0,1,0
1919,848,0,1,1,0,0,0,0,1
1920,837,0,0,1,0,0,0,0,0
1921,2943,0,0,1,0,1,0,1,1
1922,1625,0,0,1,0,0,0,0,0
1923,213,0,0,1,0,0,0,0,0
1924,2533,0,0,1,0,0,0,0,1
1925,3699,0,0,1,0,0,0,0,0
1926,131,0,0,1,0,0,0,0,1
1927,439,0,1,1,0,0,0,0,1
1928,4151,0,1,1,0,0,0,0,1
1929,3588,0,0,1,0,0,0,0,0
1930,2434,0,0,1,0,1,0,1,0
1931,2537,0,0,1,0,0,0,0,1
1932,2968,0,1,1,0,0,0,0,1
1933,1620,0,0,1,0,0,0,0,0
1934,857,0,0,1,0,1,0,0,1
1935,448,0,0,1,0,0,0,0,0
1936,3753,0,1,1,0,0,0,0,1
1937,3831,0,1,1,0,0,0,0,0
1938,3849,0,0,1,0,0,0,0,1
1939,3402,0,1,1,0,0,0,0,1
1940,1738,0,0,1,0,0,0,0,0
1941,103,0,1,1,0,0,0,0,0
1942,3549,0,0,1,0,0,0,0,0
1943,2848,0,0,1,0,0,0,0,1
1944,525,0,0,1,0,0,0,1,1
1945,1108,0,0,1,0,0,0,0,1
1946,1832,0,0,1,0,0,0,0,1
1947,1425,0,1,1,0,0,1,0,1
1948,165,0,1,1,0,0,0,0,0
1949,3600,0,0,1,0,0,0,0,0
1950,911,0,0,1,0,0,0,1,0
1951,2676,0,0,1,0,0,0,0,0
1952,2410,0,0,1,0,0,0,0,1
1953,3525,0,0,1,0,0,0,0,0
1954,2432,0,1,1,0,0,0,0,1
1955,1871,0,0,1,0,0,0,0,0
1956,3139,0,0,1,0,0,0,0,0
1957,2568,0,1,1,0,0,0,0,1
1958,1752,0,0,1,0,0,0,0,1
1959,2512,0,1,1,0,0,0,0,1
1960,395,0,1,1,0,0,1,0,1
1961,627,0,1,1,0,0,0,0,0
1962,699,1,0,1,0,0,0,1,1
1963,951,0,0,1,0,0,0,0,1
1964,765,0,0,1,0,0,0,0,0
1965,2755,0,0,1,0,0,0,0,0
1966,2324,0,0,1,0,1,0,0,1
1967,1392,0,1,1,0,0,0,1,1
1968,2241,0,0,1,0,0,0,0,0
1969,3620,0,0,1,0,0,0,0,1
1970,2910,0,0,1,0,1,0,0,1
1971,2847,0,1,1,0,0,0,1,1
1972,1411,0,1,1,0,0,0,0,1
1973,648,0,0,1,0,0,0,0,0
1974,3900,0,0,1,0,0,0,0,1
1975,3608,0,0,1,0,0,0,0,1
1976,4109,0,0,1,0,0,0,1,1
1977,1893,0,0,1,0,0,0,0,1
1978,775,0,0,1,0,0,0,0,0
1979,3788,0,1,1,0,0,0,0,0
1980,51,0,1,1,0,0,0,0,1
1981,2612,0,0,1,0,0,0,0,0
1982,2554,0,0,1,0,0,0,0,0
1983,2663,0,0,1,0,0,0,0,1
1984,2838,0,1,1,0,0,0,0,1
1985,3291,0,0,1,0,0,0,0,0
1986,1384,0,0,1,0,0,0,0,0
1987,1127,0,0,1,0,0,0,0,0
1988,3839,0,1,1,0,0,0,0,1
1989,1041,0,1,1,0,0,0,1,1
1990,2464,0,1,1,0,0,0,0,1
1991,2299,0,1,1,0,1,0,0,1
1992,2158,0,1,1,0,1,0,0,1
1993,4086,0,0,1,0,0,0,0,0
1994,3599,0,1,1,0,0,0,0,0
1995,111,0,0,1,0,0,0,0,0
1996,183,0,0,1,0,0,1,1,1
1997,2530,0,1,1,0,0,0,0,0
1998,615,0,0,1,0,0,0,0,0
1999,3188,0,0,1,0,0,0,0,0
2000,3283,0,0,1,0,0,0,0,0
2001,1717,0,0,1,0,0,0,0,0
2002,1568,0,1,1,0,0,0,0,0
2003,4059,0,1,1,0,0,0,0,0
2004,1722,0,0,1,0,0,0,0,1
2005,1185,0,1,1,0,0,0,1,0
2006,2142,0,1,1,0,0,0,0,1
2007,2545,0,0,1,0,0,0,0,0
2008,397,0,1,1,0,0,0,1,1
2009,1299,0,0,1,0,0,1,0,0
2010,1641,0,1,1,0,0,0,0,1
2011,3009,0,0,1,0,0,0,0,1
2012,3624,0,0,1,0,0,0,0,0
2013,3256,0,0,1,0,0,0,0,1
2014,1754,0,1,1,0,0,0,0,0
2015,2149,0,0,1,0,0,0,0,1
2016,2098,0,0,1,0,0,0,0,0
2017,3371,0,0,1,0,0,0,1,1
2018,3141,0,0,1,0,0,0,0,0
2019,573,0,1,1,0,0,0,0,1
2020,4159,0,1,1,0,0,0,0,1
2021,3817,0,0,1,0,0,0,0,1
2022,3232,0,0,1,0,0,0,1,1
2023,2998,0,1,1,0,0,0,0,0
2024,2322,0,0,1,0,0,1,0,1
2025,3825,0,0,1,0,0,0,0,0
2026,1545,0,1,1,0,0,0,1,1
2027,3914,0,0,1,0,0,1,0,0
2028,2661,0,0,1,0,0,0,0,0
2029,1885,0,0,1,0,0,0,0,1
2030,356,0,0,1,0,0,0,0,0
2031,610,0,0,1,0,0,0,1,0
2032,3648,0,0,1,0,0,1,0,0
2033,239,0,1,1,0,0,1,0,1
2034,4076,0,1,1,0,0,0,0,1
2035,3545,0,1,1,0,0,0,0,0
2036,2180,0,0,1,0,0,0,0,1
2037,3369,0,1,1,0,0,0,0,1
2038,3166,0,0,1,0,0,0,0,0
2039,1825,0,0,1,0,0,0,0,1
2040,2815,0,1,1,0,0,0,1,0
2041,3282,0,0,1,0,0,0,0,1
2042,374,0,0,1,0,0,0,0,1
2043,3965,0,1,1,0,0,0,0,0
2044,1948,0,0,1,0,0,0,1,0
2045,1329,0,0,1,0,0,0,0,1
2046,1131,0,0,1,0,0,0,0,0
2047,3739,0,0,1,0,0,0,0,1
2048,1538,0,0,1,0,0,0,0,1
2049,3112,0,0,1,0,0,0,0,1
2050,3396,0,1,1,0,0,0,0,1
2051,733,0,0,1,0,0,0,0,0
2052,2471,0,0,1,0,0,1,0,1
2053,2508,0,0,1,0,0,0,1,1
2054,1400,0,1,1,0,1,0,0,0
2055,3768,0,0,1,0,0,0,0,0
2056,1418,0,1,1,0,0,0,0,0
2057,3837,0,1,1,0,0,0,0,1
2058,2931,0,0,1,0,0,0,0,0
2059,2277,0,0,1,0,0,0,1,1
2060,382,0,0,1,0,0,0,0,1
2061,3311,0,0,1,0,0,0,0,0
2062,2602,0,1,1,0,0,1,0,0
2063,1513,0,0,1,0,0,0,0,1
2064,3336,0,0,1,0,0,0,0,1
2065,3706,0,1,1,1,0,0,0,1
2066,1328,0,0,1,1,0,0,0,1
2067,3555,0,0,1,0,0,1,1,0
2068,1240,0,0,1,0,0,0,0,1
2069,2249,0,1,1,0,0,0,0,0
2070,3231,0,0,1,0,0,1,1,1
2071,685,1,0,1,0,0,0,0,1
2072,3218,0,0,1,0,0,0,0,1
2073,1281,0,0,1,0,0,0,0,0
2074,2805,0,1,1,0,0,0,0,1
2075,2377,0,0,1,0,0,0,0,0
2076,123,0,0,1,0,0,0,0,1
2077,2648,0,1,1,0,0,0,0,0
2078,2938,0,0,1,0,0,1,0,0
2079,664,0,0,1,0,0,0,0,0
2080,1807,0,1,1,0,0,0,0,0
2081,2592,0,1,1,0,0,0,1,1
2082,2316,0,1,1,0,0,1,0,1
2083,3119,0,0,1,0,0,0,0,1
2084,2725,0,0,1,1,0,0,0,1
2085,1971,0,0,1,0,0,0,0,0
2086,3685,0,1,1,0,0,0,0,1
2087,230,0,0,1,0,0,0,0,0
2088,905,0,1,1,0,0,0,0,0
2089,3367,0,0,1,0,0,0,1,0
2090,769,0,0,1,0,1,0,0,1
2091,3414,0,1,1,0,0,0,0,1
2092,3532,0,1,1,0,1,0,0,0
2093,2441,0,0,1,0,0,0,1,0
2094,3392,0,0,1,0,0,0,0,1
2095,1756,0,1,1,0,0,0,0,0
2096,2928,0,0,1,0,0,0,0,0
2097,791,0,0,1,0,1,0,0,0
2098,2162,0,0,1,0,0,0,0,1
2099,3691,0,0,1,0,0,0,1,0
2100,3719,0,0,1,0,1,1,1,1
2101,4083,0,0,1,0,0,0,0,1
2102,421,0,0,1,0,0,0,0,1
2103,3459,0,0,1,0,0,0,0,1
2104,2941,0,0,1,0,0,0,0,1
2105,4129,0,0,1,0,0,0,0,1
2106,1884,0,1,1,0,0,1,0,1
2107,2628,0,1,1,0,0,1,0,0
2108,3858,0,0,1,0,0,0,0,1
2109,2151,0,1,1,0,0,0,0,1
2110,802,0,0,1,0,0,0,0,0
2111,1881,0,0,1,0,0,0,0,0
2112,2019,0,0,1,1,0,0,0,1
2113,2584,0,0,1,0,0,0,0,1
2114,628,0,0,1,0,0,0,1,0
2115,496,0,0,1,0,0,0,0,1
2116,3457,0,0,1,0,0,0,0,1
2117,1627,0,1,1,0,0,0,0,1
2118,1793,0,0,1,0,0,0,0,0
2119,2219,0,0,1,0,0,0,0,1
2120,1901,0,0,1,0,0,0,0,0
2121,794,0,1,1,0,0,0,0,1
2122,2570,0,0,1,0,0,0,0,0
2123,3720,0,0,1,0,0,0,0,0
2124,2427,0,0,1,0,0,0,0,0
2125,3945,0,1,1,0,0,0,0,1
2126,2289,0,1,1,0,0,0,0,0
2127,2976,0,0,1,0,0,0,0,1
2128,3390,0,1,1,0,0,0,0,0
2129,417,0,0,1,0,1,0,0,1
2130,746,0,0,1,0,0,0,1,1
2131,2139,0,0,1,0,0,0,0,1
2132,1221,0,0,1,0,1,0,0,1
2133,493,0,1,1,0,0,0,0,1
2134,1920,0,0,1,0,0,0,0,1
2135,1176,0,0,1,0,0,0,1,0
2136,2622,0,1,1,0,0,0,0,1
2137,3016,0,1,1,0,0,0,0,0
2138,1350,0,0,1,0,0,0,0,1
2139,828,0,0,1,0,0,0,0,0
2140,3476,0,0,1,0,0,0,0,0
2141,3347,0,0,1,0,0,0,0,0
2142,1492,0,0,1,0,0,0,0,0
2143,3994,0,0,1,0,0,0,0,0
2144,3984,0,0,1,0,0,0,0,0
2145,3745,0,1,1,0,0,0,0,1
2146,3507,0,1,1,0,0,0,0,1
2147,1030,0,0,1,0,0,0,0,1
2148,2474,0,0,1,0,0,0,0,1
2149,594,0,0,1,0,0,0,0,0
2150,3901,0,0,1,1,0,0,0,1
2151,3982,0,0,1,0,0,0,0,0
2152,3804,0,1,1,0,0,0,0,1
2153,2521,0,0,1,0,0,0,0,1
2154,1808,0,0,1,0,0,0,1,1
2155,3273,0,0,1,0,0,0,0,1
2156,127,0,1,1,0,1,0,1,1
2157,3570,0,0,1,0,0,0,0,0
2158,3841,0,0,1,0,0,0,0,1
2159,2450,0,0,1,0,0,0,0,0
2160,403,0,1,1,0,1,1,1,1
2161,150,0,0,1,0,0,0,0,0
2162,4055,0,1,1,0,0,0,0,0
2163,2407,0,0,1,0,0,0,0,0
2164,1447,0,0,1,0,0,0,1,0
2165,1640,0,0,1,0,0,0,0,0
2166,3411,0,1,1,0,0,0,0,0
2167,2455,0,1,1,0,0,0,0,1
2168,62,0,0,1,0,0,0,0,0
2169,2349,0,0,1,0,0,0,1,0
2170,2269,0,1,1,0,0,0,0,1
2171,2557,0,1,1,0,0,0,0,0
2172,2413,0,1,1,0,0,0,0,1
2173,95,0,1,1,0,0,0,0,1
2174,3126,0,1,1,0,0,0,0,1
2175,963,0,0,1,0,0,0,0,1
2176,2204,0,1,1,0,1,0,0,1
2177,3306,0,0,1,0,1,1,0,1
2178,1587,0,0,1,0,0,0,0,1
2179,3318,0,0,1,0,0,0,0,1
2180,2166,0,1,1,0,0,0,0,1
2181,236,0,0,1,0,1,0,0,1
2182,222,0,0,1,0,1,0,0,0
2183,3946,0,0,1,0,0,1,0,1
2184,2406,0,0,1,0,0,0,0,1
2185,1821,0,1,1,0,0,0,0,1
2186,120,0,1,1,0,0,0,0,1
2187,1696,0,0,1,0,0,0,0,1
2188,2650,0,1,1,0,0,1,0,0
2189,4160,0,1,1,0,0,0,0,0
2190,2393,0,0,1,0,0,0,0,1
2191,3151,0,0,1,0,0,1,0,1
2192,2653,0,0,1,0,1,0,0,1
2193,193,0,1,1,0,0,0,0,0
2194,2296,0,1,1,0,0,0,0,1
2195,181,0,1,1,0,1,0,0,1
2196,3783,0,1,1,0,0,1,0,0
2197,389,0,0,1,0,0,0,0,1
2198,972,0,0,1,0,0,0,0,1
2199,3506,0,0,1,0,0,0,0,1
2200,1556,0,0,1,0,1,0,0,0
2201,673,0,0,1,1,0,0,0,1
2202,3536,0,1,1,0,0,0,0,1
2203,4049,0,1,1,0,0,0,0,1
2204,1374,0,1,1,0,0,0,0,0
2205,1403,0,0,1,0,0,1,0,1
2206,331,0,0,1,0,0,0,0,1
2207,616,0,1,1,0,0,0,0,1
2208,1293,0,0,1,0,0,0,0,0
2209,3094,0,1,1,0,0,0,1,0
2210,266,0,1,1,0,0,0,0,1
2211,3127,0,0,1,0,0,0,0,1
2212,1943,0,0,1,0,0,0,0,1
2213,2212,0,0,1,0,0,1,0,0
2214,2607,0,0,1,0,0,0,0,0
2215,3207,0,1,1,0,0,0,1,1
2216,1818,0,1,1,0,0,0,0,1
2217,225,0,1,1,0,0,0,0,1
2218,105,0,0,1,0,0,0,1,1
2219,2426,0,0,1,0,0,0,0,1
2220,1519,0,1,1,0,0,0,0,1
2221,4123,0,0,1,0,0,1,0,0
2222,632,0,0,1,0,0,0,0,1
2223,2747,0,0,1,0,0,0,0,0
2224,2080,0,0,1,0,0,0,0,0
2225,874,0,1,1,0,0,0,0,1
2226,2303,0,0,1,0,0,0,1,0
2227,2110,0,0,1,0,0,0,0,0
2228,1193,0,1,1,0,0,0,0,0
2229,2979,0,1,1,0,1,0,0,1
2230,2502,0,0,1,0,0,0,0,0
2231,1902,0,0,1,0,0,0,0,1
2232,1766,0,0,1,0,0,0,0,0
2233,1937,0,0,1,0,0,0,0,0
2234,711,1,0,1,0,0,0,0,1
2235,3399,0,1,1,0,0,0,0,1
2236,3557,0,0,1,0,0,0,0,0
2237,2886,0,0,1,0,0,0,1,1
2238,2362,0,0,1,0,0,0,0,1
2239,2233,0,1,1,0,0,0,0,0
2240,1699,0,0,1,0,0,0,0,1
2241,284,0,0,1,0,0,0,1,1
2242,1670,0,0,1,0,0,0,0,0
2243,924,0,0,1,0,0,0,0,0
2244,1443,0,0,1,0,0,0,0,1
2245,3617,0,1,1,0,0,0,0,0
2246,3405,0,0,1,0,0,0,0,1
2247,738,0,0,1,0,0,0,0,0
2248,1823,0,1,1,0,0,0,0,0
2249,3299,0,0,1,0,0,0,1,1
2250,2405,0,1,1,0,0,0,0,0
2251,2367,0,0,1,0,0,0,0,0
2252,4143,0,0,1,0,0,0,0,1
2253,926,0,1,1,0,0,0,0,1
2254,1412,0,0,1,0,0,1,0,1
2255,3980,0,0,1,0,0,0,0,0
2256,167,0,0,1,0,0,1,0,1
2257,2482,0,0,1,0,0,0,0,1
2258,2286,0,0,1,0,1,0,0,1
2259,3909,0,0,1,0,0,0,0,0
2260,12,0,1,1,0,0,0,0,0
2261,1557,0,0,1,0,0,1,0,0
2262,619,0,1,1,0,0,1,0,1
2263,1098,0,1,1,0,0,0,0,1
2264,90,0,0,1,0,0,0,0,0
2265,614,0,0,1,0,0,0,1,1
2266,3820,0,0,1,0,0,0,0,1
2267,1414,0,1,1,0,0,0,0,1
2268,861,0,0,1,0,0,0,0,1
2269,3466,0,0,1,0,0,0,0,1
2270,3881,0,0,1,0,0,0,1,1
2271,781,0,0,1,0,0,0,0,0
2272,1649,0,1,1,0,0,0,0,0
2273,1998,0,0,1,0,0,0,0,1
2274,2365,0,0,1,0,0,0,1,1
2275,3269,0,0,1,0,0,0,0,1
2276,3713,0,1,1,0,1,0,0,0
2277,3988,0,0,1,0,0,0,0,0
2278,28,0,0,1,0,0,0,0,1
2279,1533,0,0,1,0,0,0,0,1
2280,1072,0,0,1,0,0,0,0,0
2281,3297,0,1,1,0,0,1,0,0
2282,1922,0,0,1,0,0,0,0,1
2283,2551,0,1,1,0,1,0,0,1
2284,74,0,0,1,0,0,0,0,0
2285,517,0,0,1,0,0,0,0,1
2286,1317,0,1,1,0,0,0,0,0
2287,3160,0,0,1,0,1,0,0,1
2288,2623,0,0,1,0,0,0,0,1
2289,2240,0,1,1,0,0,0,0,1
2290,2014,0,0,1,0,0,0,0,1
2291,2170,0,0,1,0,0,1,0,0
2292,1595,0,1,1,0,0,0,0,0
2293,1528,0,0,1,0,1,0,0,1
2294,116,0,0,1,0,1,0,0,1
2295,2354,0,0,1,0,0,0,0,0
2296,3165,0,0,1,0,1,0,0,1
2297,1078,0,0,1,0,0,0,0,0
2298,2706,0,1,1,0,0,0,0,1
2299,1810,0,0,1,0,0,0,0,1
2300,2836,0,0,1,0,0,0,0,0
2301,3830,0,1,1,0,0,0,0,1
2302,3514,0,0,1,0,0,0,0,0
2303,1611,0,0,1,0,0,0,0,1
2304,624,0,0,1,0,0,0,0,1
2305,3797,0,0,1,0,0,0,0,1
2306,3263,0,0,1,0,0,0,0,0
2307,409,0,1,1,0,0,0,1,1
2308,2699,0,0,1,0,0,0,0,1
2309,1634,0,0,1,0,0,0,0,1
2310,115,0,0,1,0,0,0,0,1
2311,288,0,1,1,0,0,0,0,1
2312,4112,0,0,1,0,0,0,0,1
2313,3811,0,0,1,0,0,0,0,0
2314,1188,0,1,1,0,0,0,0,0
2315,337,0,0,1,0,0,0,0,0
2316,3658,0,0,1,0,0,0,0,0
2317,2702,0,1,1,0,0,0,0,1
2318,3076,0,0,1,0,0,0,0,1
2319,46,0,0,1,0,0,0,0,0
2320,751,0,0,1,0,0,0,0,1
2321,3855,0,1,1,0,0,0,0,1
2322,3224,0,0,1,0,0,0,0,1
2323,757,0,0,1,0,0,0,0,1
2324,462,0,1,1,0,0,0,0,0
2325,1949,0,1,1,0,0,0,1,0
2326,677,0,0,1,1,0,0,0,0
2327,2727,0,0,1,0,0,0,0,1
2328,1208,0,1,1,0,0,0,0,0
2329,3786,0,0,1,0,0,0,0,0
2330,424,0,1,1,0,0,0,0,1
2331,325,0,0,1,0,0,0,0,0
2332,668,0,0,1,0,1,0,0,0
2333,350,0,0,1,0,0,0,0,1
2334,447,0,1,1,0,1,0,0,0
2335,713,1,0,1,0,0,0,1,1
2336,3105,0,0,1,0,0,0,0,0
2337,1935,0,1,1,0,0,0,0,1
2338,1733,0,1,1,0,0,0,0,0
2339,1228,0,0,1,0,0,1,0,0
2340,3544,0,0,1,0,0,0,0,1
2341,1155,0,1,1,0,0,0,0,0
2342,387,0,0,1,0,0,1,0,1
2343,1378,0,0,1,0,0,0,0,1
2344,1345,0,0,1,0,0,0,0,1
2345,758,0,0,1,0,0,0,0,1
2346,2199,0,1,1,0,0,0,0,0
2347,451,0,1,1,0,0,0,0,1
2348,1201,0,0,1,0,1,0,0,0
2349,703,1,0,1,0,0,0,0,1
2350,3222,0,0,1,0,0,0,0,1
2351,2260,0,0,1,0,1,0,1,0
2352,1619,0,0,1,0,0,0,0,1
2353,834,0,0,1,0,0,0,0,1
2354,3167,0,0,1,0,0,0,0,0
2355,954,0,0,1,0,0,0,0,0
2356,3083,0,0,1,0,0,0,0,0
2357,3732,0,0,1,0,1,0,0,1
2358,2457,0,0,1,0,0,0,0,1
2359,1745,0,0,1,0,0,0,0,1
2360,1423,0,0,1,0,0,0,0,0
2361,1419,0,0,1,0,0,0,0,0
2362,4150,0,0,1,0,0,0,0,1
2363,4111,0,0,1,0,0,0,1,1
2364,3730,0,0,1,0,0,0,1,1
2365,1184,0,1,1,0,0,0,0,1
2366,3677,0,1,1,0,0,0,0,1
2367,2018,0,0,1,0,0,0,0,1
2368,1260,0,1,1,0,0,0,0,1
2369,2490,0,1,1,0,0,0,0,1
2370,21,0,1,1,0,0,0,0,1
2371,1313,0,1,1,0,0,0,0,1
2372,2830,0,1,1,0,0,0,0,0
2373,2453,0,1,1,0,0,0,0,0
2374,2311,0,1,1,0,0,0,0,0
2375,3332,0,0,1,0,0,0,0,0
2376,3631,0,1,1,0,0,0,0,1
2377,3124,0,0,1,0,0,0,0,0
2378,675,0,0,1,0,0,0,0,0
2379,3952,0,0,1,0,0,0,0,1
2380,1952,0,0,1,0,0,0,0,1
2381,849,0,0,1,0,1,0,0,1
2382,698,1,0,1,0,0,0,0,1
2383,3473,0,0,1,0,0,1,0,0
2384,1362,0,0,1,0,0,0,0,1
2385,1139,0,0,1,0,1,1,1,1
2386,873,0,1,1,0,1,0,1,1
2387,606,0,1,1,0,1,0,0,1
2388,838,0,1,1,0,0,0,0,1
2389,3444,0,0,1,0,0,0,0,0
2390,629,0,0,1,0,0,0,0,0
2391,906,0,0,1,0,0,0,0,0
2392,2920,0,0,1,0,0,0,0,1
2393,1758,0,1,1,0,0,0,1,0
2394,3260,0,0,1,0,0,1,1,1
2395,3327,0,1,1,0,0,0,0,1
2396,2764,0,0,1,0,0,0,0,0
2397,2063,0,0,1,0,0,0,0,0
2398,3379,0,0,1,0,0,0,0,0
2399,2773,0,1,1,0,0,0,0,0
2400,4144,0,1,1,0,0,0,1,0
2401,321,0,0,1,0,0,0,0,1
2402,3209,0,0,1,0,0,0,0,1
2403,700,1,0,1,0,0,0,1,1
2404,1186,0,1,1,0,1,0,0,1
2405,2794,0,0,1,0,1,0,0,1
2406,626,0,1,1,0,0,0,0,1
2407,3907,0,0,1,0,0,0,0,0
2408,2186,0,0,1,0,0,0,0,1
2409,1016,0,0,1,0,0,0,0,1
2410,1491,0,0,1,0,0,0,0,0
2411,1096,0,1,1,0,0,0,0,0
2412,852,0,0,1,0,0,0,0,0
2413,3534,0,0,1,0,0,0,0,0
2414,784,0,0,1,0,0,0,0,0
2415,607,0,0,1,0,0,1,1,1
2416,174,0,0,1,0,0,0,1,1
2417,1209,0,0,1,0,1,0,0,1
2418,2282,0,0,1,0,0,0,0,1
2419,2476,0,1,1,0,0,0,0,0
2420,100,0,0,1,0,0,0,0,0
2421,3335,0,0,1,0,0,0,1,0
2422,1250,0,0,1,0,0,0,1,0
2423,745,0,0,1,0,0,0,1,1
2424,334,0,0,1,0,0,0,0,1
2425,2924,0,0,1,0,0,1,0,0
2426,3835,0,0,1,0,0,0,0,1
2427,2898,0,0,1,0,0,0,0,1
2428,1716,0,0,1,0,0,0,1,1
2429,2897,0,0,1,0,0,1,0,0
2430,3309,0,0,1,0,0,0,0,1
2431,3480,0,0,1,0,0,0,0,0
2432,596,0,0,1,0,0,0,0,0
2433,3003,0,1,1,0,0,0,1,0
2434,1341,0,0,1,0,0,0,0,0
2435,2227,0,1,1,0,0,0,0,1
2436,4073,0,0,1,0,0,0,0,1
2437,1562,0,0,1,0,0,1,0,0
2438,3519,0,0,1,0,0,0,0,0
2439,3334,0,0,1,0,0,0,0,1
2440,1553,0,0,1,0,0,0,0,1
2441,3581,0,1,1,0,0,0,0,1
2442,327,0,0,1,0,0,0,0,0
2443,1944,0,1,1,0,0,0,0,0
2444,3877,0,0,1,0,0,0,0,0
2445,643,0,0,1,0,0,0,0,1
2446,2165,0,0,1,0,0,0,0,0
2447,2054,0,0,1,0,0,0,0,0
2448,2879,0,1,1,0,0,0,0,1
2449,1478,0,1,1,0,1,0,0,1
2450,1849,0,0,1,0,0,0,0,1
2451,3062,0,0,1,0,0,0,0,0
2452,3140,0,0,1,0,0,0,0,0
2453,3443,0,1,1,0,0,0,0,1
2454,4080,0,0,1,0,0,0,0,1
2455,460,0,0,1,0,0,1,0,0
2456,1052,0,0,1,0,0,0,0,1
2457,1408,0,0,1,0,0,0,1,0
2458,1573,0,0,1,0,0,0,1,1
2459,1986,0,0,1,0,0,0,0,1
2460,3307,0,0,1,0,1,0,0,0
2461,2647,0,0,1,0,0,0,1,0
2462,419,0,0,1,0,0,0,0,1
2463,742,0,0,1,0,0,0,0,1
2464,1890,0,1,1,0,0,0,0,0
2465,1398,0,0,1,0,0,0,0,1
2466,1448,0,1,1,0,1,0,0,1
2467,3294,0,1,1,0,0,0,1,0
2468,498,0,0,1,0,0,0,0,1
2469,2766,0,0,1,0,0,0,0,1
2470,375,0,0,1,0,0,0,0,0
2471,979,0,0,1,0,0,0,0,0
2472,1216,0,1,1,0,0,1,1,0
2473,3714,0,0,1,0,0,1,0,1
2474,404,0,0,1,0,0,0,0,0
2475,2480,0,0,1,0,0,0,0,1
2476,1435,0,1,1,0,0,0,0,1
2477,3567,0,0,1,0,0,0,0,0
2478,93,0,1,1,0,0,0,0,1
2479,3530,0,1,1,0,0,0,0,0
2480,3221,0,0,1,0,0,0,0,1
2481,1780,0,0,1,0,0,1,0,0
2482,2234,0,0,1,0,0,0,0,0
2483,2754,0,0,1,0,0,0,0,0
2484,1860,0,0,1,0,0,0,0,0
2485,831,0,0,1,0,0,0,0,1
2486,428,0,1,1,0,0,0,0,1
2487,1900,0,0,1,0,0,0,0,1
2488,3784,0,0,1,0,0,0,0,0
2489,3204,0,0,1,0,1,0,0,1
2490,3911,0,1,1,0,0,0,0,1
2491,2782,0,0,1,0,0,0,0,0
2492,282,0,0,1,0,1,0,0,1
2493,2915,0,0,1,0,0,0,0,0
2494,3185,0,0,1,0,0,0,0,1
2495,343,0,1,1,0,0,0,0,0
2496,2698,0,0,1,0,1,0,0,1
2497,2802,0,0,1,0,0,1,0,1
2498,2560,0,0,1,0,1,0,0,1
2499,3163,0,0,1,0,0,0,0,1
2500,1119,0,0,1,0,0,0,0,0
2501,1585,0,0,1,0,0,0,0,1
2502,695,1,0,1,0,0,0,0,0
2503,3449,0,0,1,0,0,1,1,1
2504,0,0,1,1,0,1,0,0,1
2505,1593,0,1,1,0,0,0,0,1
2506,1718,0,1,1,0,0,0,0,0
2507,1426,0,0,1,0,0,1,0,0
2508,2033,0,0,1,0,0,0,0,1
2509,3238,0,0,1,0,0,0,0,1
2510,2015,0,1,1,0,0,0,0,0
2511,2005,0,0,1,0,0,0,0,1
2512,2990,0,1,1,0,0,0,0,0
2513,1137,0,0,1,0,0,0,0,1
2514,3844,0,0,1,0,0,0,0,0
2515,2317,0,0,1,0,0,0,1,0
2516,1254,0,1,1,0,0,0,0,0
2517,3810,0,0,1,0,0,1,0,0
2518,2388,0,1,1,0,0,0,0,0
2519,2163,0,1,1,0,1,0,0,1
2520,3412,0,0,1,0,0,0,0,0
2521,3564,0,0,1,0,0,0,0,1
2522,2274,0,1,1,0,0,0,1,1
2523,1742,0,0,1,0,0,0,0,0
2524,1166,0,0,1,0,0,1,0,0
2525,2916,0,0,1,0,0,0,0,0
2526,246,0,0,1,0,0,0,0,1
2527,2132,0,0,1,0,1,1,0,0
2528,3785,0,1,1,0,0,0,0,1
2529,2700,0,0,1,0,0,0,0,1
2530,1682,0,0,1,0,0,0,0,1
2531,933,0,0,1,0,0,0,0,1
2532,3857,0,0,1,0,0,0,0,0
2533,1471,0,0,1,0,0,0,0,0
2534,3290,0,0,1,0,1,0,0,1
2535,1982,0,0,1,0,0,1,1,0
2536,365,0,0,1,0,1,0,0,1
2537,2309,0,1,1,0,1,0,1,0
2538,740,0,0,1,0,0,0,0,1
2539,26,0,0,1,0,1,0,0,1
2540,2900,0,0,1,0,0,1,0,1
2541,3373,0,1,1,0,0,0,0,1
2542,1451,0,1,1,0,1,0,1,0
2543,4006,0,0,1,0,0,0,0,1
2544,684,1,0,1,0,0,0,0,1
2545,4068,0,0,1,0,0,0,0,0
2546,1257,0,0,1,0,0,0,1,1
2547,3,0,0,1,0,0,0,0,0
2548,2195,0,0,1,0,0,0,0,1
2549,841,0,0,1,0,0,0,0,1
2550,2416,0,0,1,0,0,0,0,0
2551,292,0,1,1,0,0,0,0,1
2552,702,1,0,1,0,0,0,0,1
2553,1054,0,0,1,0,0,0,0,1
2554,3888,0,0,1,0,0,0,0,1
2555,3217,0,1,1,0,0,0,0,1
2556,2430,0,0,1,0,0,0,1,1
2557,3953,0,0,1,0,1,0,0,1
2558,4102,0,0,1,0,0,0,1,1
2559,1678,0,1,1,0,1,1,0,0
2560,1974,0,0,1,0,1,0,0,1
2561,1256,0,0,1,0,0,0,0,1
2562,2287,0,1,1,0,0,0,0,0
2563,3458,0,0,1,0,0,0,0,1
2564,1306,0,0,1,0,0,0,0,0
2565,1879,0,0,1,0,0,0,0,0
2566,2400,0,0,1,0,0,0,0,1
2567,1453,0,0,1,0,0,0,0,1
2568,2686,0,1,1,0,0,0,0,1
2569,605,0,0,1,0,1,0,0,0
2570,3533,0,0,1,0,0,0,1,0
2571,1297,0,0,1,0,0,0,0,0
2572,2515,0,0,1,0,0,0,0,0
2573,63,0,1,1,0,0,0,1,1
2574,1590,0,0,1,0,0,0,0,0
2575,1894,0,0,1,0,0,0,0,1
2576,995,0,0,1,0,0,0,0,1
2577,1393,0,1,1,0,0,0,0,0
2578,237,0,1,1,0,0,1,0,1
2579,654,0,0,1,0,0,0,1,0
2580,1978,0,0,1,0,0,0,0,0
2581,112,0,0,1,0,0,1,1,0
2582,3040,0,0,1,0,0,0,0,0
2583,1357,0,1,1,0,0,0,0,0
2584,808,0,1,1,0,0,0,1,1
2585,1567,0,0,1,0,0,0,1,1
2586,579,0,1,1,0,0,1,0,0
2587,1845,0,0,1,0,0,0,0,0
2588,126,0,0,1,0,0,0,0,1
2589,3348,0,0,1,0,0,0,0,0
2590,3072,0,0,1,0,0,0,0,1
2591,4032,0,0,1,0,0,0,1,0
2592,3903,0,0,1,0,0,1,0,1
2593,3845,0,0,1,0,1,0,0,1
2594,855,0,0,1,0,0,0,1,1
2595,2758,0,0,1,0,0,0,0,1
2596,2198,0,0,1,0,0,0,0,1
2597,3073,0,0,1,0,1,0,0,1
2598,3791,0,0,1,0,0,1,0,1
2599,7,0,0,1,0,0,0,0,1
2600,2563,0,0,1,0,0,0,0,0
2601,858,0,0,1,0,0,0,0,1
2602,3011,0,0,1,0,0,0,0,1
2603,2694,0,0,1,0,0,0,0,1
2604,4008,0,0,1,0,0,0,0,0
2605,2993,0,0,1,0,0,0,0,0
2606,3833,0,1,1,0,0,0,0,1
2607,3500,0,1,1,0,0,0,0,1
2608,407,0,0,1,0,0,0,0,0
2609,4134,0,0,1,0,1,0,1,1
2610,2418,0,0,1,0,0,0,0,0
2611,3442,0,0,1,0,0,0,0,0
2612,153,0,0,1,0,0,0,1,1
2613,3655,0,0,1,0,0,0,0,0
2614,1577,0,1,1,0,0,0,0,1
2615,2404,0,0,1,0,0,0,0,1
2616,2366,0,1,1,0,0,0,0,1
2617,1009,0,0,1,0,0,0,0,1
2618,2674,0,0,1,0,0,0,0,0
2619,3737,0,0,1,0,0,1,0,0
2620,280,0,0,1,0,0,0,1,0
2621,3897,0,1,1,0,0,0,0,1
2622,4127,0,1,1,0,1,1,0,1
2623,3145,0,0,1,0,0,0,0,1
2624,400,0,0,1,0,0,0,0,1
2625,1607,0,0,1,0,0,0,0,1
2626,1508,0,0,1,0,0,0,0,1
2627,2529,0,1,1,0,0,0,1,0
2628,1490,0,0,1,0,0,0,0,0
2629,3298,0,0,1,0,0,0,0,1
2630,1811,0,0,1,0,0,0,0,1
2631,2021,0,0,1,1,0,0,0,1
2632,506,0,0,1,0,0,0,0,0
2633,2595,0,1,1,0,0,0,0,1
2634,3080,0,1,1,0,0,0,0,1
2635,1755,0,1,1,0,0,0,0,0
2636,907,0,1,1,0,1,0,0,0
2637,2052,0,0,1,0,0,0,1,1
2638,3767,0,0,1,0,0,0,0,1
2639,1683,0,0,1,0,0,0,1,0
2640,552,0,0,1,0,0,0,0,0
2641,1873,0,1,1,0,0,0,0,0
2642,3973,0,0,1,0,0,1,0,1
2643,1816,0,0,1,0,0,0,1,1
2644,3389,0,0,1,0,0,0,0,0
2645,3798,0,0,1,0,0,0,0,1
2646,1136,0,0,1,0,0,0,0,1
2647,949,0,0,1,0,0,0,0,1
2648,3659,0,0,1,0,0,1,0,1
2649,163,0,0,1,0,0,0,0,0
2650,1671,0,1,1,0,0,0,0,0
2651,1701,0,1,1,0,0,0,0,0
2652,2397,0,1,1,0,0,0,0,1
2653,2119,0,1,1,0,0,0,0,0
2654,3183,0,0,1,0,0,1,1,0
2655,4062,0,0,1,0,0,0,0,1
2656,3142,0,1,1,0,0,0,0,1
2657,1525,0,0,1,0,0,0,1,1
2658,3415,0,0,1,0,0,0,0,0
2659,449,0,0,1,0,0,0,0,0
2660,2919,0,0,1,0,0,0,1,0
2661,945,0,0,1,0,0,0,0,0
2662,2850,0,1,1,0,1,0,0,1
2663,3976,0,0,1,0,0,0,0,0
2664,1543,0,1,1,0,0,0,1,1
2665,1858,0,0,1,0,0,0,1,1
2666,437,0,0,1,0,0,0,0,0
2667,3652,0,0,1,0,0,0,0,1
2668,1322,0,0,1,0,0,0,0,1
2669,3462,0,1,1,0,1,0,0,0
2670,790,0,0,1,0,0,0,0,1
2671,877,0,1,1,0,1,1,0,1
2672,743,0,1,1,0,0,0,0,0
2673,2883,0,0,1,0,0,0,0,0
2674,3308,0,0,1,0,0,0,1,1
2675,3522,0,1,1,0,1,0,0,0
2676,1011,0,1,1,0,0,0,0,1
2677,1855,0,0,1,0,0,0,0,0
2678,588,0,0,1,0,0,0,1,1
2679,1314,0,1,1,0,0,0,0,1
2680,3005,0,0,1,0,0,0,1,1
2681,348,0,0,1,0,0,0,0,0
2682,2484,0,1,1,0,0,0,0,1
2683,1034,0,0,1,0,1,0,0,1
2684,1170,0,0,1,0,0,0,0,0
2685,2524,0,0,1,0,0,0,0,1
2686,3296,0,0,1,0,1,0,0,1
2687,3225,0,0,1,0,0,0,0,0
2688,4067,0,0,1,0,0,0,0,0
2689,1552,0,0,1,0,0,0,0,1
2690,2716,0,0,1,0,0,0,0,0
2691,575,0,0,1,0,1,0,0,1
2692,651,0,0,1,0,0,1,0,0
2693,597,0,1,1,0,0,0,0,0
2694,2954,0,1,1,0,1,1,0,1
2695,1258,0,1,1,0,1,0,0,1
2696,1569,0,0,1,0,0,0,0,1
2697,3413,0,1,1,0,1,0,0,0
2698,3365,0,0,1,0,0,0,0,0
2699,1316,0,0,1,1,0,0,0,0
2700,470,0,0,1,0,0,0,0,0
2701,3515,0,0,1,0,0,0,0,0
2702,804,0,0,1,0,1,1,1,1
2703,281,0,1,1,0,0,0,0,0
2704,936,0,0,1,0,0,0,0,0
2705,736,0,1,1,0,0,0,0,1
2706,2779,0,0,1,0,0,0,0,0
2707,2896,0,1,1,0,0,0,0,1
2708,3015,0,1,1,0,1,0,0,1
2709,3842,0,0,1,0,0,0,0,0
2710,1150,0,0,1,0,0,0,0,1
2711,1628,0,0,1,0,0,0,0,1
2712,3403,0,0,1,0,0,0,0,0
2713,3101,0,0,1,0,0,0,0,1
2714,3773,0,1,1,0,0,0,0,0
2715,2516,0,1,1,0,1,0,0,1
2716,586,0,0,1,0,0,0,0,1
2717,2208,0,1,1,0,0,0,0,1
2718,160,0,0,1,0,0,0,0,1
2719,1117,0,1,1,0,0,0,0,0
2720,2814,0,0,1,0,0,0,0,0
2721,1926,0,0,1,0,0,0,0,1
2722,3182,0,0,1,0,1,0,1,1
2723,863,0,0,1,0,0,0,0,1
2724,956,0,0,1,0,0,0,0,1
2725,3851,0,1,1,0,1,0,0,1
2726,1339,0,0,1,0,0,0,0,0
2727,1226,0,0,1,0,0,0,0,0
2728,1222,0,0,1,0,0,0,0,1
2729,2691,0,0,1,0,0,0,0,0
2730,3625,0,0,1,0,0,0,0,1
2731,608,0,0,1,0,0,0,0,0
2732,164,0,0,1,0,0,0,1,1
2733,2167,0,0,1,0,0,0,0,0
2734,1046,0,0,1,0,0,0,0,0
2735,3664,0,0,1,0,0,0,1,0
2736,1990,0,0,1,0,0,0,0,0
2737,2680,0,0,1,0,0,0,0,1
2738,4031,0,0,1,0,0,0,0,1
2739,3629,0,0,1,0,0,0,0,0
2740,329,0,0,1,0,0,0,0,1
2741,2023,0,0,1,1,0,0,0,1
2742,2541,0,0,1,0,0,0,0,1
2743,2559,0,0,1,0,0,0,0,1
2744,4053,0,0,1,0,0,0,0,1
2745,1439,0,0,1,0,0,0,1,1
2746,3894,0,0,1,0,0,1,0,0
2747,2154,0,1,1,0,0,0,0,1
2748,813,0,1,1,0,1,0,0,1
2749,433,0,0,1,0,0,0,0,1
2750,1113,0,0,1,0,0,0,0,0
2751,2103,0,1,1,0,0,0,0,1
2752,864,0,0,1,0,0,0,0,0
2753,274,0,0,1,0,0,1,1,0
2754,971,0,0,1,0,0,0,0,0
2755,2774,0,0,1,0,0,0,0,0
2756,3747,0,1,1,0,0,0,0,0
2757,3503,0,0,1,0,0,0,0,1
2758,3752,0,0,1,0,0,0,0,0
2759,3640,0,1,1,0,0,0,1,0
2760,4136,0,1,1,0,0,0,1,0
2761,3430,0,1,1,0,0,0,0,1
2762,2152,0,1,1,0,0,0,0,1
2763,3712,0,0,1,0,0,0,0,0
2764,1355,0,0,1,0,0,1,0,1
2765,2829,0,0,1,0,0,0,0,1
2766,889,0,0,1,0,0,0,0,0
2767,558,0,0,1,0,0,0,0,1
2768,912,0,0,1,0,0,0,0,0
2769,1390,0,0,1,0,0,0,0,0
2770,2129,0,0,1,0,0,0,0,0
2771,2575,0,0,1,0,1,0,0,0
2772,511,0,0,1,0,0,0,1,1
2773,2401,0,0,1,0,0,0,0,1
2774,221,0,0,1,0,0,0,0,0
2775,1305,0,0,1,0,0,0,0,0
2776,146,0,0,1,0,0,0,0,0
2777,3378,0,0,1,0,0,0,0,1
2778,1788,0,0,1,0,1,0,0,1
2779,1059,0,0,1,0,0,0,0,0
2780,1833,0,0,1,0,0,0,0,0
2781,3203,0,0,1,0,0,1,0,0
2782,2867,0,1,1,0,0,1,0,0
2783,510,0,1,1,0,0,0,0,1
2784,323,0,0,1,0,0,0,0,0
2785,1572,0,0,1,0,0,0,0,1
2786,176,0,0,1,0,0,0,0,1
2787,2868,0,0,1,0,0,0,1,1
2788,1919,0,0,1,0,0,0,0,0
2789,168,0,0,1,0,0,0,0,1
2790,3436,0,0,1,0,0,0,0,0
2791,1410,0,0,1,0,0,0,0,0
2792,4113,0,0,1,0,1,0,0,1
2793,1401,0,0,1,0,0,0,0,1
2794,2270,0,1,1,0,0,0,0,1
2795,2190,0,0,1,0,0,0,0,1
2796,2250,0,0,1,0,0,0,0,1
2797,136,0,0,1,0,0,0,0,0
2798,1480,0,0,1,0,0,0,0,0
2799,3169,0,0,1,0,0,0,0,0
2800,1285,0,0,1,0,1,0,1,1
2801,1984,0,0,1,0,0,0,0,1
2802,898,0,0,1,0,0,0,1,1
2803,197,0,0,1,0,0,0,0,1
2804,2351,0,0,1,0,0,0,0,1
2805,1494,0,0,1,0,0,0,0,0
2806,1803,0,1,1,0,0,0,0,0
2807,2096,0,1,1,0,0,0,0,1
2808,771,0,1,1,0,0,0,0,0
2809,2293,0,1,1,0,0,0,0,0
2810,2708,0,0,1,0,0,0,0,1
2811,2093,0,0,1,0,0,0,0,0
2812,1118,0,0,1,0,0,0,0,1
2813,4063,0,0,1,0,0,0,1,0
2814,2866,0,0,1,0,0,0,1,0
2815,3133,0,0,1,0,0,0,0,0
2816,869,0,0,1,0,0,0,0,1
2817,2402,0,0,1,0,0,0,0,0
2818,1091,0,0,1,0,0,0,0,1
2819,1457,0,0,1,0,0,0,0,0
2820,199,0,0,1,0,0,0,1,0
2821,429,0,0,1,0,0,0,0,0
2822,3628,0,0,1,0,0,0,0,0
2823,3483,0,1,1,0,0,0,0,0
2824,2841,0,0,1,0,0,0,0,0
2825,1834,0,0,1,0,0,0,0,0
2826,1806,0,0,1,0,1,0,0,1
2827,2940,0,0,1,0,0,0,0,1
2828,1981,0,1,1,0,0,0,0,1
2829,734,0,0,1,0,0,0,0,1
2830,2983,0,0,1,0,1,0,0,0
2831,297,0,0,1,0,1,0,0,1
2832,2133,0,1,1,0,1,0,0,1
2833,3482,0,0,1,0,0,0,0,1
2834,811,0,0,1,0,0,0,0,1
2835,2609,0,0,1,0,1,0,0,1
2836,3668,0,0,1,0,0,0,0,1
2837,1576,0,0,1,0,1,0,0,1
2838,3013,0,0,1,0,0,0,0,1
2839,1179,0,0,1,0,1,0,0,1
2840,4010,0,0,1,0,0,0,0,0
2841,4017,0,0,1,0,0,0,0,1
2842,825,0,1,1,0,0,0,0,1
2843,2726,0,1,1,0,1,0,0,1
2844,1248,0,0,1,0,0,0,0,1
2845,1574,0,1,1,0,0,0,0,0
2846,4000,0,0,1,0,0,1,1,0
2847,4120,0,0,1,0,0,0,0,0
2848,625,0,0,1,0,0,0,0,1
2849,3758,0,0,1,0,0,0,0,1
2850,3727,0,0,1,0,0,0,0,1
2851,1455,0,0,1,0,0,0,0,1
2852,1729,0,0,1,0,0,0,0,1
2853,1169,0,0,1,0,0,0,0,1
2854,2273,0,0,1,0,1,0,0,1
2855,1651,0,1,1,0,0,0,0,1
2856,3099,0,0,1,0,0,0,0,1
2857,4015,0,0,1,0,1,0,0,0
2858,2617,0,1,1,0,0,0,1,1
2859,2791,0,1,1,0,0,0,0,1
2860,3799,0,0,1,0,0,0,0,1
2861,2765,0,0,1,0,0,0,1,1
2862,1028,0,1,1,0,1,0,1,1
2863,1761,0,0,1,0,0,0,0,0
2864,291,0,0,1,0,0,1,0,0
2865,2034,0,1,1,1,0,1,0,1
2866,1751,0,0,1,0,0,0,0,1
2867,2295,0,0,1,0,0,0,0,0
2868,3861,0,0,1,0,0,0,0,1
2869,1012,0,0,1,0,0,0,0,1
2870,3042,0,0,1,0,0,0,0,1
2871,67,0,0,1,0,0,0,0,1
2872,24,0,1,1,0,0,0,0,1
2873,3470,0,0,1,0,1,0,0,1
2874,216,0,0,1,0,1,0,1,1
2875,2876,0,0,1,0,0,0,0,0
2876,1921,0,1,1,0,0,0,1,0
2877,2799,0,0,1,0,0,0,0,1
2878,1159,0,1,1,0,1,0,0,1
2879,3438,0,0,1,0,0,0,0,0
2880,2172,0,0,1,0,0,1,0,0
2881,166,0,0,1,0,0,0,0,1
2882,4110,0,0,1,0,0,0,0,1
2883,207,0,0,1,0,0,0,0,0
2884,3527,0,0,1,0,0,0,0,0
2885,3641,0,1,1,0,0,0,0,1
2886,2335,0,0,1,0,0,0,0,1
2887,2101,0,1,1,0,0,0,0,1
2888,593,0,0,1,0,0,0,0,1
2889,1183,0,0,1,0,0,0,0,0
2890,1731,0,1,1,0,0,0,1,1
2891,1874,0,0,1,0,0,0,0,0
2892,527,0,0,1,0,0,0,0,0
2893,2348,0,0,1,0,0,1,0,0
2894,469,0,0,1,0,0,0,0,0
2895,1359,0,0,1,0,0,0,0,0
2896,2182,0,1,1,0,0,0,0,0
2897,2827,0,0,1,0,1,0,0,1
2898,1542,0,0,1,0,0,0,0,1
2899,3317,0,0,1,0,0,0,0,1
2900,932,0,1,1,0,0,0,0,1
2901,1907,0,0,1,0,0,0,0,0
2902,2737,0,0,1,0,0,0,0,0
2903,1630,0,0,1,0,0,0,0,1
2904,1479,0,0,1,0,1,0,0,1
2905,1147,0,0,1,0,0,0,0,1
2906,2950,0,1,1,0,1,0,0,0
2907,1924,0,0,1,0,0,0,0,0
2908,960,0,1,1,0,0,0,0,1
2909,1499,0,1,1,0,0,0,0,1
2910,25,0,1,1,0,0,0,0,1
2911,1140,0,0,1,0,1,0,1,1
2912,2210,0,0,1,0,0,0,1,0
2913,929,0,1,1,0,0,0,0,1
2914,3241,0,0,1,0,0,1,0,0
2915,1563,0,1,1,0,0,0,0,1
2916,2760,0,0,1,0,0,0,1,1
2917,847,0,1,1,0,0,0,0,0
2918,1656,0,0,1,0,0,0,0,1
2919,2953,0,0,1,0,0,1,0,1
2920,3550,0,1,1,0,0,0,0,1
2921,2660,0,0,1,0,0,0,0,0
2922,1026,0,0,1,0,0,0,0,1
2923,2200,0,0,1,0,1,0,0,0
2924,753,0,1,1,0,0,0,0,0
2925,3349,0,1,1,0,0,0,0,1
2926,3954,0,1,1,0,0,0,0,1
2927,3872,0,0,1,0,0,0,0,1
2928,3919,0,0,1,0,0,0,0,0
2929,3068,0,0,1,0,0,0,0,1
2930,2384,0,1,1,0,0,0,0,1
2931,180,0,1,1,0,0,0,0,1
2932,1279,0,0,1,0,0,0,0,1
2933,2511,0,0,1,0,0,0,0,1
2934,1444,0,0,1,0,0,0,0,0
2935,3930,0,0,1,0,0,0,1,1
2936,609,0,0,1,0,0,0,0,0
2937,3107,0,0,1,0,0,0,0,0
2938,1361,0,0,1,0,0,0,0,0
2939,2357,0,1,1,0,0,0,0,1
2940,1915,0,0,1,0,0,0,0,1
2941,3358,0,1,1,0,0,0,0,0
2942,1910,0,0,1,0,0,0,0,0
2943,3315,0,0,1,0,0,0,0,0
2944,94,0,0,1,0,0,0,0,1
2945,3604,0,0,1,0,0,0,0,1
2946,774,0,0,1,0,0,0,0,0
2947,640,0,0,1,0,0,0,1,0
2948,1312,0,0,1,0,0,0,0,0
2949,2347,0,0,1,0,0,0,0,1
2950,3678,0,0,1,0,0,0,0,0
2951,2549,0,0,1,0,0,0,0,0
2952,2505,0,0,1,0,0,0,0,0
2953,1215,0,1,1,0,0,0,0,1
2954,1405,0,1,1,0,0,0,0,1
2955,1589,0,1,1,0,0,0,0,1
2956,1205,0,1,1,0,0,0,1,1
2957,275,0,0,1,0,0,0,0,1
2958,2870,0,0,1,0,0,0,0,1
2959,1158,0,0,1,0,0,0,0,0
2960,1213,0,1,1,0,1,0,0,1
2961,2092,0,0,1,0,0,0,0,0
2962,1110,0,0,1,0,0,0,0,1
2963,307,0,0,1,0,0,0,0,1
2964,2834,0,0,1,0,0,0,1,0
2965,2071,0,1,1,0,0,1,0,1
2966,876,0,0,1,0,0,0,0,0
2967,3132,0,1,1,0,0,0,0,0
2968,86,0,1,1,0,0,0,0,1
2969,2842,0,0,1,0,0,0,0,0
2970,3125,0,0,1,0,0,0,0,0
2971,2769,0,1,1,0,0,0,0,0
2972,3147,0,0,1,0,0,0,0,1
2973,3130,0,0,1,0,0,0,0,0
2974,2846,0,0,1,0,0,0,1,0
2975,1445,0,1,1,0,0,0,0,0
2976,2624,0,0,1,0,0,0,0,1
2977,209,0,1,1,0,0,0,0,1
2978,3237,0,0,1,0,0,0,0,1
2979,2803,0,0,1,0,0,0,0,0
2980,1977,0,1,1,0,0,1,1,1
2981,2656,0,1,1,0,0,0,0,1
2982,1999,0,1,1,0,0,0,0,1
2983,2184,0,0,1,0,0,0,0,0
2984,2798,0,1,1,0,0,0,0,1
2985,935,0,0,1,0,0,0,0,1
2986,3663,0,0,1,0,0,0,0,1
2987,2159,0,0,1,0,0,0,0,0
2988,2438,0,1,1,0,0,0,0,1
2989,130,0,0,1,0,0,0,0,0
2990,1734,0,1,1,0,1,0,0,1
2991,2083,0,0,1,0,0,0,0,1
2992,3472,0,0,1,0,0,0,0,0
2993,958,0,0,1,0,0,0,0,0
2994,557,0,1,1,0,0,0,0,1
2995,2431,0,0,1,0,0,0,0,1
2996,1941,0,0,1,0,0,0,0,0
2997,1547,0,0,1,0,0,0,0,0
2998,2444,0,1,1,0,1,0,0,1
2999,201,0,0,1,0,1,0,0,1
3000,2981,0,1,1,0,1,0,0,0
3001,2035,0,0,1,0,1,0,0,1
3002,368,0,0,1,0,0,0,0,0
3003,977,0,0,1,0,0,0,0,1
3004,3643,0,0,1,0,0,0,0,1
3005,1645,0,0,1,0,0,0,0,1
3006,2448,0,0,1,0,0,0,0,0
3007,3951,0,0,1,0,0,1,0,1
3008,820,0,1,1,0,1,0,0,0
3009,1965,0,0,1,0,0,0,0,0
3010,1324,0,0,1,0,0,0,0,0
3011,3780,0,0,1,0,1,1,0,0
3012,1916,0,0,1,0,0,0,0,0
3013,256,0,0,1,0,0,0,1,1
3014,3695,0,0,1,0,0,0,0,1
3015,3286,0,1,1,0,0,0,0,1
3016,3184,0,0,1,0,0,0,0,0
3017,1482,0,0,1,0,0,0,0,1
3018,1710,0,0,1,0,0,0,0,1
3019,2230,0,0,1,0,0,0,0,1
3020,1616,0,0,1,0,0,0,0,1
3021,1337,0,0,1,0,0,0,0,1
3022,562,0,0,1,0,0,0,0,1
3023,1888,0,1,1,0,0,0,0,1
3024,373,0,1,1,0,0,0,0,0
3025,2973,0,0,1,0,0,0,0,0
3026,2783,0,0,1,0,0,0,0,1
3027,2855,0,0,1,0,0,0,0,0
3028,3018,0,0,1,0,0,0,0,0
3029,3316,0,0,1,0,0,0,0,0
3030,1695,0,1,1,0,0,0,0,0
3031,1174,0,0,1,0,0,0,0,1
3032,3936,0,0,1,0,0,0,0,1
3033,2036,0,1,1,0,0,1,0,1
3034,1211,0,1,1,0,0,1,0,0
3035,2932,0,0,1,0,0,0,0,1
3036,976,0,1,1,0,0,0,0,0
3037,1161,0,0,1,0,1,0,0,1
3038,2048,0,1,1,0,0,0,0,0
3039,642,0,1,1,0,0,0,0,0
3040,1077,0,0,1,0,0,0,0,0
3041,3028,0,1,1,0,0,0,0,0
3042,778,0,1,1,0,0,0,0,1
3043,324,0,0,1,0,1,0,0,1
3044,2264,0,0,1,0,0,0,0,0
3045,84,0,0,1,0,0,0,0,1
3046,4028,0,0,1,0,0,0,0,0
3047,2696,0,1,1,0,1,0,0,0
3048,2972,0,1,1,0,0,0,0,0
3049,1600,0,0,1,0,0,0,0,1
3050,2673,0,1,1,0,0,0,1,1
3051,2459,0,0,1,0,0,0,0,1
3052,1931,0,1,1,0,0,0,0,1
3053,91,0,1,1,0,0,0,0,1
3054,3171,0,0,1,0,0,0,0,0
3055,430,0,1,1,0,1,0,0,0
3056,2843,0,0,1,0,0,0,0,1
3057,3208,0,1,1,0,0,0,0,1
3058,3960,0,0,1,1,1,0,0,1
3059,2352,0,0,1,0,0,0,0,1
3060,2117,0,0,1,0,0,0,0,0
3061,4027,0,0,1,0,0,0,0,0
3062,4089,0,0,1,0,0,0,0,1
3063,3131,0,0,1,0,0,0,0,0
3064,1652,0,0,1,0,0,0,0,1
3065,760,0,0,1,0,0,0,0,1
3066,3577,0,0,1,0,0,1,0,0
3067,3639,0,0,1,0,0,0,0,1
3068,1967,0,1,1,0,0,0,0,1
3069,4124,0,0,1,0,0,0,0,0
3070,2189,0,1,1,0,0,0,0,1
3071,806,0,0,1,0,0,0,0,1
3072,1214,0,1,1,0,0,0,0,1
3073,2946,0,0,1,0,0,0,0,0
3074,3548,0,0,1,0,0,0,0,1
3075,2739,0,1,1,0,0,0,0,1
3076,151,0,0,1,0,0,0,0,1
3077,2305,0,0,1,0,0,0,0,0
3078,718,1,0,1,0,0,0,0,1
3079,546,0,0,1,0,0,0,0,0
3080,2761,0,1,1,0,0,0,0,1
3081,3354,0,0,1,0,0,0,0,1
3082,423,0,0,1,0,0,0,0,1
3083,3236,0,0,1,0,0,1,0,1
3084,663,0,0,1,0,0,0,0,0
3085,801,0,0,1,0,0,0,0,0
3086,759,0,1,1,0,0,0,0,1
3087,2020,0,0,1,0,1,0,0,1
3088,99,0,1,1,0,0,0,1,0
3089,2509,0,0,1,0,1,0,0,1
3090,1882,0,0,1,0,0,1,0,0
3091,2058,0,0,1,0,0,0,0,1
3092,2176,0,0,1,0,0,1,1,1
3093,2909,0,0,1,0,0,0,0,0
3094,539,0,0,1,0,1,0,0,1
3095,1712,0,1,1,0,0,1,0,0
3096,2913,0,0,1,0,0,0,0,0
3097,2235,0,1,1,0,0,0,0,1
3098,2148,0,0,1,0,0,0,0,1
3099,2613,0,1,1,0,0,0,0,1
3100,709,1,1,1,0,0,0,0,0
3101,3485,0,1,1,0,0,0,0,1
3102,1039,0,0,1,0,1,0,1,1
3103,3281,0,0,1,0,0,0,1,0
3104,1664,0,0,1,0,0,0,0,0
3105,2621,0,1,1,0,0,0,0,1
3106,2748,0,0,1,0,0,0,0,0
